,instant,season,yr,mnth,hr,holiday,weekday,workingday,weathersit,temp,atemp,hum,windspeed,casual,registered,cnt
0,6508,4,0,10,17,0,1,1,2,0.4,0.4091,0.76,0.1642,40,455,4
1,10174,1,1,3,23,0,0,0,1,0.26,0.2576,0.41,0.194,2,24,0
2,9524,1,1,2,18,0,1,1,1,0.38,0.3939,0.43,0.2239,11,426,4
3,17093,4,1,12,23,0,3,1,1,0.32,0.3333,0.66,0.1343,4,84,1
4,10127,1,1,3,0,0,6,0,3,0.36,0.3636,0.93,0.0896,1,21,0
5,4279,3,0,7,4,0,6,0,1,0.62,0.6061,0.61,0,3,8,0
6,409,1,0,1,0,0,3,1,2,0.22,0.2727,0.93,0,0,3,0
7,8652,1,1,1,6,0,0,0,1,0.26,0.2727,0.93,0.1343,1,1,0
8,15851,4,1,10,15,0,6,0,2,0.56,0.5303,0.6,0.2836,310,401,4
9,12410,2,1,6,6,0,3,1,1,0.48,0.4697,0.77,0,7,165,2
10,17317,1,1,12,9,0,6,0,2,0.26,0.2424,0.81,0,16,33,1
11,6874,4,0,10,23,0,2,1,2,0.52,0.5,0.77,0.194,7,63,1
12,16267,4,1,11,12,0,4,1,2,0.36,0.3636,0.62,0.1045,29,184,3
13,16331,4,1,11,4,0,0,0,2,0.3,0.2879,0.81,0.194,4,8,0
14,3445,2,0,5,10,0,6,0,1,0.7,0.6515,0.65,0.2239,110,166,3
15,2702,2,0,4,11,0,3,1,2,0.64,0.5909,0.78,0.2836,53,103,2
16,9410,1,1,2,23,0,3,1,1,0.46,0.4545,0.63,0.0896,22,75,1
17,16305,4,1,11,2,0,6,0,1,0.26,0.2576,0.65,0.194,8,41,1
18,14048,3,1,8,12,0,1,1,1,0.78,0.697,0.4,0.194,96,180,3
19,12832,3,1,6,20,0,6,0,1,0.78,0.6818,0.31,0.194,158,228,4
20,13442,3,1,7,6,0,4,1,1,0.72,0.6818,0.66,0.1343,8,144,2
21,12083,2,1,5,15,0,3,1,2,0.7,0.6515,0.61,0,65,192,3
22,14877,3,1,9,1,0,1,1,1,0.52,0.5,0.72,0.0896,9,12,0
23,8198,4,0,12,5,0,2,1,1,0.18,0.2424,0.86,0,0,20,0
24,4768,3,0,7,13,0,5,1,1,0.94,0.9848,0.51,0.1642,25,98,2
25,7274,4,0,11,16,0,5,1,1,0.46,0.4545,0.36,0.3881,53,237,3
26,2569,2,0,4,22,0,4,1,1,0.42,0.4242,0.38,0.0896,31,106,2
27,8114,4,0,12,17,0,5,1,1,0.34,0.3485,0.66,0.1045,10,352,4
28,12349,2,1,6,17,0,0,0,1,0.7,0.6364,0.34,0.2537,192,386,4
29,14884,3,1,9,8,0,1,1,1,0.54,0.5152,0.77,0.0896,36,647,4
30,6996,4,0,10,2,0,1,1,1,0.4,0.4091,0.87,0.1045,1,6,0
31,6306,4,0,9,7,0,0,0,2,0.6,0.5152,0.94,0.1343,15,23,1
32,8826,1,1,1,13,0,0,0,1,0.4,0.4091,0.37,0.2985,77,266,4
33,5349,3,0,8,18,0,1,1,1,0.7,0.6515,0.65,0.194,70,413,4
34,7596,4,0,11,2,0,5,1,1,0.24,0.2273,0.44,0.2239,2,8,0
35,12162,2,1,5,22,0,6,0,1,0.7,0.6667,0.74,0.2537,86,118,3
36,15103,4,1,9,11,0,3,1,1,0.64,0.6212,0.61,0.2537,46,181,3
37,14473,3,1,8,5,0,5,1,1,0.64,0.5758,0.89,0.1642,2,27,1
38,10634,2,1,3,4,0,6,0,1,0.52,0.5,0.83,0.0896,1,6,0
39,1046,1,0,2,7,0,3,1,2,0.2,0.197,0.55,0.2239,5,103,2
40,16677,4,1,12,15,0,0,0,1,0.44,0.4394,0.67,0.1343,106,311,4
41,768,1,0,2,10,0,5,1,2,0.2,0.2121,0.51,0.1343,5,46,1
42,10932,2,1,4,15,0,4,1,1,0.5,0.4848,0.31,0.1045,98,171,3
43,6598,4,0,10,11,0,5,1,1,0.56,0.5303,0.63,0,80,150,3
44,3144,2,0,5,21,0,0,0,1,0.54,0.5152,0.88,0,44,107,2
45,4496,3,0,7,5,0,1,1,1,0.66,0.6212,0.74,0.1343,5,21,0
46,145,1,0,1,7,0,5,1,1,0.2,0.2121,0.69,0.1343,8,76,1
47,14407,3,1,8,11,0,2,1,1,0.78,0.7273,0.55,0.2537,47,171,3
48,3170,2,0,5,23,0,1,1,1,0.56,0.5303,0.88,0.0896,18,39,1
49,3158,2,0,5,11,0,1,1,1,0.64,0.6212,0.57,0,56,129,2
50,8649,1,1,1,3,0,0,0,1,0.3,0.3333,0.81,0,11,41,1
51,8557,1,0,12,7,0,3,1,1,0.32,0.303,0.57,0.2537,4,106,2
52,16189,4,1,11,6,1,1,0,1,0.38,0.3939,0.87,0.1045,7,64,1
53,225,1,0,1,15,0,1,1,2,0.2,0.197,0.4,0.2239,2,43,1
54,12999,3,1,6,19,0,6,0,1,0.84,0.7576,0.44,0.2537,134,240,4
55,11207,2,1,4,3,0,2,1,1,0.56,0.5303,0.83,0.0896,0,6,0
56,455,1,0,1,23,0,4,1,2,0.24,0.2121,0.65,0.3284,3,28,1
57,7034,4,0,10,16,0,2,1,1,0.56,0.5303,0.37,0.194,52,233,3
58,2717,2,0,4,2,0,4,1,2,0.62,0.5758,0.83,0.4478,14,7,0
59,3422,2,0,5,11,0,5,1,2,0.74,0.6818,0.55,0.3284,40,126,2
60,1941,2,0,3,15,0,6,0,1,0.34,0.3333,0.29,0.194,110,109,3
61,3315,2,0,5,0,0,1,1,2,0.56,0.5303,0.88,0.1343,23,18,1
62,15875,4,1,10,15,0,0,0,2,0.5,0.4848,0.63,0.4925,76,225,3
63,8130,4,0,12,9,0,6,0,1,0.28,0.2576,0.61,0.2836,15,134,2
64,1575,1,0,3,1,0,5,1,3,0.34,0.3485,1,0.1045,0,8,0
65,6871,4,0,10,20,0,2,1,1,0.54,0.5152,0.64,0.1642,23,204,3
66,10624,2,1,3,18,0,5,1,1,0.7,0.6364,0.45,0.1642,237,593,4
67,8924,1,1,1,16,0,4,1,1,0.46,0.4545,0.67,0.194,33,248,3
68,12540,2,1,6,16,0,1,1,2,0.8,0.7121,0.41,0.4179,87,340,4
69,3336,2,0,5,21,0,1,1,1,0.64,0.5758,0.89,0.2239,33,155,2
70,16903,4,1,12,1,0,3,1,1,0.28,0.2727,0.61,0.2239,3,18,0
71,5402,3,0,8,23,0,3,1,1,0.7,0.6515,0.65,0.2836,20,85,2
72,9648,1,1,2,22,0,6,0,2,0.14,0.1061,0.39,0.3881,0,46,1
73,2648,2,0,4,5,0,1,1,2,0.46,0.4545,1,0,3,14,0
74,5498,3,0,8,23,0,0,0,1,0.7,0.6667,0.74,0.1642,20,48,1
75,6109,3,0,9,2,0,6,0,1,0.46,0.4545,0.82,0.0896,18,61,1
76,5149,3,0,8,10,0,0,0,1,0.8,0.803,0.66,0.1343,88,178,3
77,7996,4,0,12,19,0,0,0,1,0.38,0.3939,0.76,0,15,158,2
78,6194,3,0,9,15,0,2,1,2,0.62,0.5909,0.78,0.1045,34,158,3
79,9821,1,1,2,3,0,0,0,2,0.3,0.2879,0.36,0.2239,3,12,0
80,13607,3,1,7,3,0,4,1,1,0.66,0.6212,0.69,0.2239,0,8,0
81,6318,4,0,9,19,0,0,0,1,0.64,0.5758,0.83,0.1343,87,242,4
82,13673,3,1,7,21,0,6,0,1,0.66,0.6061,0.78,0.0896,94,206,3
83,13925,3,1,8,9,0,3,1,2,0.76,0.7273,0.66,0,33,308,4
84,200,1,0,1,14,0,0,0,1,0.22,0.1818,0.32,0.4627,8,64,1
85,5249,3,0,8,14,0,4,1,1,0.8,0.697,0.29,0,39,103,2
86,5331,3,0,8,0,0,1,1,3,0.6,0.5455,0.88,0.0896,7,18,0
87,614,1,0,1,19,0,5,1,2,0.24,0.2424,0.75,0.1343,5,84,1
88,11562,2,1,5,22,0,2,1,1,0.64,0.6061,0.65,0,21,190,3
89,6843,4,0,10,16,0,1,1,1,0.58,0.5455,0.56,0.2537,64,238,3
90,5364,3,0,8,9,0,2,1,1,0.68,0.6364,0.61,0.2836,27,171,3
91,8881,1,1,1,21,0,2,1,1,0.32,0.3333,0.66,0.0896,7,109,2
92,2818,2,0,5,7,0,1,1,2,0.46,0.4545,0.82,0.3284,16,193,3
93,14939,3,1,9,15,0,3,1,1,0.62,0.6212,0.35,0,57,254,3
94,11213,2,1,4,9,0,2,1,1,0.6,0.6212,0.38,0.4925,71,329,4
95,1964,2,0,3,15,0,0,0,1,0.32,0.303,0.36,0.2836,61,111,2
96,669,1,0,1,4,0,1,1,1,0.2,0.197,0.59,0.2239,0,2,0
97,5874,3,0,9,5,0,3,1,2,0.56,0.5303,1,0.1343,1,15,0
98,7528,4,0,11,6,0,2,1,2,0.56,0.5303,0.64,0.0896,4,104,2
99,10769,2,1,3,19,0,4,1,1,0.48,0.4697,0.39,0.2836,47,421,4
100,3690,2,0,6,15,0,2,1,2,0.82,0.7424,0.41,0.3284,56,127,2
101,3015,2,0,5,12,0,2,1,2,0.6,0.6212,0.38,0,47,170,3
102,535,1,0,1,10,0,1,1,1,0.1,0.1364,0.42,0,6,34,1
103,2092,2,0,4,0,0,6,0,2,0.3,0.3333,0.61,0,3,29,1
104,2120,2,0,4,4,0,0,0,1,0.28,0.303,0.7,0.0896,3,0,0
105,14633,3,1,9,21,0,4,1,1,0.64,0.5758,0.89,0.1642,32,240,3
106,14601,3,1,9,13,0,3,1,1,0.8,0.7879,0.63,0.1642,50,184,3
107,353,1,0,1,4,0,0,0,1,0.26,0.2576,0.56,0.1642,0,1,0
108,1813,2,0,3,6,0,1,1,3,0.32,0.303,0.76,0.2537,2,30,1
109,5977,3,0,9,13,0,0,0,1,0.74,0.6818,0.58,0.1045,119,231,4
110,10666,2,1,3,12,0,0,0,2,0.4,0.4091,0.94,0.2239,122,238,4
111,11651,2,1,5,15,0,6,0,3,0.66,0.6212,0.74,0.194,241,300,4
112,9707,1,1,2,9,0,2,1,2,0.26,0.2879,0.56,0.0896,6,256,3
113,13759,3,1,8,11,0,3,1,1,0.76,0.7121,0.58,0.0896,54,180,3
114,16046,4,1,11,6,0,2,1,1,0.22,0.2273,0.69,0.1343,6,143,2
115,13644,3,1,7,16,0,5,1,1,0.84,0.7727,0.47,0.2239,80,419,4
116,15852,4,1,10,16,0,6,0,2,0.56,0.5303,0.64,0.2836,257,355,4
117,13035,3,1,7,7,0,1,1,1,0.74,0.6667,0.51,0.1045,8,390,4
118,5601,3,0,8,6,0,5,1,1,0.62,0.5606,0.88,0,5,100,2
119,10798,2,1,3,0,0,6,0,1,0.38,0.3939,0.82,0.194,12,80,1
120,1865,2,0,3,11,0,3,1,2,0.34,0.3333,0.87,0.194,18,53,1
121,12271,2,1,5,11,0,4,1,1,0.72,0.6515,0.37,0.2836,65,153,3
122,1573,1,0,3,23,0,4,1,3,0.34,0.3485,0,0.0896,1,26,0
123,11127,2,1,4,19,0,5,1,1,0.54,0.5152,0.24,0.1642,75,352,4
124,8986,1,1,1,6,0,0,0,2,0.14,0.1212,0.5,0.2836,1,7,0
125,15358,4,1,10,2,0,0,0,1,0.42,0.4242,0.62,0.1343,10,64,1
126,7806,4,0,11,20,0,6,0,2,0.42,0.4242,0.58,0,55,86,2
127,3531,2,0,6,0,0,3,1,1,0.7,0.6667,0.79,0.1642,9,25,1
128,8279,4,0,12,14,0,5,1,2,0.34,0.3182,0.42,0.2239,13,115,2
129,17329,1,1,12,21,0,6,0,2,0.28,0.2424,0.56,0.4925,4,56,1
130,8908,1,1,1,0,0,4,1,3,0.34,0.3333,0.93,0.194,0,3,0
131,15259,4,1,10,23,0,2,1,2,0.62,0.5455,0.94,0,11,87,1
132,13907,3,1,8,15,0,2,1,1,0.8,0.7424,0.52,0,100,206,3
133,3605,2,0,6,2,0,6,0,1,0.54,0.5152,0.56,0.194,18,41,1
134,8009,4,0,12,8,0,1,1,1,0.32,0.3485,0.93,0,12,392,4
135,9800,1,1,2,6,0,6,0,1,0.24,0.2879,0.7,0,1,8,0
136,5099,3,0,8,8,0,5,1,1,0.7,0.6515,0.65,0.2239,39,415,4
137,5585,3,0,8,14,0,4,1,2,0.72,0.697,0.74,0,27,86,2
138,1871,2,0,3,17,0,3,1,2,0.4,0.4091,0.76,0.2239,28,245,3
139,10561,2,1,3,3,0,3,1,2,0.5,0.4848,0.88,0.194,1,7,0
140,1570,1,0,3,20,0,4,1,3,0.36,0.3333,0,0.3284,9,29,1
141,8364,4,0,12,3,0,2,1,2,0.34,0.3636,0.61,0,1,1,0
142,3452,2,0,5,17,0,6,0,1,0.74,0.6818,0.55,0.2985,180,161,4
143,8656,1,1,1,10,0,0,0,1,0.3,0.3182,0.81,0.1045,18,52,1
144,9767,1,1,2,21,0,4,1,2,0.34,0.3485,0.81,0.1045,3,142,2
145,11179,2,1,4,23,0,0,0,1,0.66,0.6212,0.5,0.3881,25,65,1
146,602,1,0,1,7,0,5,1,2,0.16,0.197,0.86,0.0896,2,58,1
147,3033,2,0,5,6,0,3,1,1,0.46,0.4545,0.82,0.1343,6,93,2
148,4583,3,0,7,20,0,4,1,1,0.7,0.6364,0.42,0.2239,81,267,4
149,13927,3,1,8,11,0,3,1,2,0.8,0.7424,0.52,0,80,159,3
150,5725,3,0,8,23,0,3,1,1,0.6,0.5758,0.78,0.1045,24,60,1
151,5326,3,0,8,19,0,0,0,1,0.72,0.697,0.74,0.2239,75,184,3
152,8432,1,0,12,23,0,4,1,3,0.4,0.4091,0.87,0,1,10,0
153,17217,1,1,12,5,1,2,0,2,0.22,0.2273,0.93,0.1343,2,1,0
154,11615,2,1,5,3,0,5,1,1,0.56,0.5303,0.88,0.2239,0,14,0
155,13937,3,1,8,21,0,3,1,1,0.74,0.697,0.66,0.1045,70,311,4
156,759,1,0,2,0,0,5,1,2,0.2,0.2576,0.44,0,3,10,0
157,13816,3,1,8,20,0,5,1,2,0.78,0.7576,0.66,0.2239,89,300,4
158,1321,1,0,2,7,0,1,1,2,0.36,0.3636,0.93,0.1045,2,90,1
159,14464,3,1,8,20,0,4,1,1,0.74,0.6818,0.58,0.1642,68,403,4
160,10653,2,1,3,23,0,6,0,2,0.44,0.4394,0.94,0.2836,17,88,2
161,14550,3,1,9,10,1,1,0,2,0.74,0.7121,0.74,0.2239,135,224,4
162,15935,4,1,11,15,0,4,1,2,0.4,0.4091,0.54,0.1642,35,179,3
163,7549,4,0,11,3,0,3,1,2,0.46,0.4545,0.94,0.1045,2,3,0
164,4154,3,0,6,23,0,0,0,1,0.7,0.6515,0.54,0.0896,14,64,1
165,17152,1,1,12,10,0,6,0,1,0.26,0.2273,0.48,0.3284,13,105,2
166,9827,1,1,2,9,0,0,0,2,0.24,0.2273,0.56,0.2537,20,73,1
167,17236,1,1,12,0,0,3,1,2,0.28,0.2727,0.65,0.2537,1,8,0
168,11262,2,1,4,10,0,4,1,1,0.48,0.4697,0.63,0.0896,46,143,2
169,6672,4,0,10,13,1,1,0,1,0.72,0.6515,0.37,0,146,219,4
170,13053,3,1,7,1,0,2,1,1,0.72,0.6667,0.58,0,5,9,0
171,7047,4,0,10,5,0,3,1,1,0.42,0.4242,0.71,0.2239,0,21,0
172,12426,2,1,6,22,0,3,1,1,0.52,0.5,0.77,0.0896,27,221,3
173,10756,2,1,3,6,0,4,1,1,0.46,0.4545,0.59,0.2537,3,114,2
174,15424,4,1,10,20,0,2,1,2,0.5,0.4848,0.72,0.1642,30,330,4
175,14617,3,1,9,5,0,4,1,2,0.7,0.6667,0.84,0.194,3,35,1
176,1052,1,0,2,13,0,3,1,1,0.42,0.4242,0.3,0.3582,13,80,1
177,13877,3,1,8,9,0,1,1,3,0.7,0.6667,0.79,0.1642,28,248,3
178,8938,1,1,1,6,0,5,1,2,0.26,0.2576,0.75,0.2239,2,71,1
179,11703,2,1,5,19,0,1,1,1,0.58,0.5455,0.56,0.3284,83,463,4
180,15883,4,1,10,23,0,0,0,3,0.42,0.4242,0.94,0.3582,2,12,0
181,51,1,0,1,5,0,1,1,1,0.16,0.1364,0.47,0.2836,0,3,0
182,17175,1,1,12,9,0,0,0,1,0.2,0.2273,0.59,0.1045,7,49,1
183,8493,1,0,12,13,0,0,0,1,0.32,0.303,0.7,0.2537,40,39,1
184,13223,3,1,7,3,0,2,1,1,0.68,0.6364,0.79,0,0,3,0
185,8670,1,1,1,0,1,1,0,1,0.4,0.4091,0.4,0.4627,8,31,1
186,11891,2,1,5,15,0,2,1,2,0.7,0.6515,0.61,0.0896,51,205,3
187,10488,1,1,3,2,0,0,0,2,0.46,0.4545,0.82,0.1045,15,41,1
188,1356,1,0,3,18,0,2,1,1,0.32,0.3182,0.39,0.194,10,214,3
189,7787,4,0,11,1,0,6,0,1,0.32,0.3333,0.76,0.0896,5,24,1
190,5250,3,0,8,15,0,4,1,1,0.8,0.697,0.29,0.2985,52,126,2
191,2727,2,0,4,12,0,4,1,2,0.62,0.5909,0.78,0.2537,23,84,2
192,4278,3,0,7,3,0,6,0,1,0.64,0.6212,0.53,0,5,21,0
193,16013,4,1,11,21,0,0,0,1,0.3,0.2727,0.52,0.2985,16,71,1
194,15566,4,1,10,18,0,1,1,3,0.54,0.5152,0.77,0.1343,52,540,4
195,1986,2,0,3,14,0,1,1,1,0.32,0.303,0.22,0.2239,15,65,1
196,3765,2,0,6,18,0,5,1,1,0.8,0.7727,0.59,0.2239,96,367,4
197,549,1,0,1,0,0,2,1,2,0.16,0.1364,0.69,0.2836,3,6,0
198,9092,1,1,1,17,0,4,1,2,0.26,0.2273,0.44,0.3284,21,364,4
199,1664,1,0,3,21,0,1,1,1,0.34,0.3333,0.46,0.1343,5,58,1
200,3498,2,0,5,15,1,1,0,1,0.88,0.803,0.39,0.2537,132,179,3
201,9815,1,1,2,21,0,6,0,1,0.44,0.4394,0.33,0.2985,25,89,2
202,6633,4,0,10,22,0,6,0,1,0.5,0.4848,0.77,0,45,104,2
203,14277,3,1,8,1,0,4,1,1,0.62,0.5758,0.83,0,10,15,0
204,3240,2,0,5,21,0,4,1,1,0.54,0.5152,0.77,0.2836,29,180,3
205,904,1,0,2,4,0,4,1,2,0.14,0.1364,0.59,0.2239,0,1,0
206,3228,2,0,5,9,0,4,1,2,0.54,0.5152,0.88,0.0896,40,176,3
207,10951,2,1,4,10,0,5,1,1,0.36,0.3333,0.4,0.3284,81,157,3
208,4156,3,0,6,1,0,1,1,2,0.62,0.5909,0.78,0.1343,4,11,0
209,2662,2,0,4,19,0,1,1,1,0.66,0.6212,0.57,0.3284,62,320,4
210,3257,2,0,5,14,0,5,1,1,0.62,0.6212,0.53,0.2239,66,131,3
211,12244,2,1,5,8,0,3,1,2,0.6,0.5909,0.73,0.1642,29,642,4
212,11370,2,1,4,22,0,1,1,1,0.32,0.3182,0.76,0.194,18,71,1
213,2333,2,0,4,2,0,2,1,2,0.6,0.6212,0.53,0.1343,7,7,0
214,718,1,0,2,6,0,3,1,3,0.22,0.2424,0.93,0.1045,1,17,0
215,4361,3,0,7,14,0,2,1,1,0.8,0.7424,0.49,0.1642,66,112,2
216,13896,3,1,8,4,0,2,1,1,0.68,0.6364,0.83,0.1343,2,7,0
217,8012,4,0,12,11,0,1,1,2,0.36,0.3636,0.87,0.0896,17,106,2
218,7676,4,0,11,10,0,1,1,2,0.52,0.5,0.83,0,25,110,2
219,10788,2,1,3,14,0,5,1,3,0.4,0.4091,0.54,0,56,173,3
220,15212,4,1,10,0,0,1,1,1,0.46,0.4545,0.72,0.1045,6,39,1
221,713,1,0,2,1,0,3,1,3,0.22,0.2273,0.93,0.194,0,3,0
222,10233,1,1,3,10,0,3,1,1,0.36,0.3333,0.5,0.2985,20,127,2
223,1062,1,0,2,23,0,3,1,1,0.38,0.3939,0.4,0.2239,2,31,1
224,14106,3,1,8,22,0,3,1,1,0.7,0.6515,0.61,0.1642,29,197,3
225,10993,2,1,4,4,0,0,0,1,0.4,0.4091,0.4,0,0,7,0
226,7919,4,0,12,14,0,4,1,1,0.4,0.4091,0.4,0.2239,20,130,2
227,12898,3,1,6,14,0,2,1,1,0.7,0.6364,0.3,0.4627,81,186,3
228,7744,4,0,11,6,1,4,0,1,0.3,0.3182,0.61,0.0896,1,5,0
229,3609,2,0,6,6,0,6,0,1,0.54,0.5152,0.6,0,11,17,1
230,14115,3,1,8,7,0,4,1,1,0.64,0.6061,0.69,0.2239,16,448,4
231,9462,1,1,2,3,0,6,0,1,0.24,0.2879,0.75,0,1,17,0
232,9381,1,1,1,18,0,2,1,1,0.54,0.5152,0.24,0.3582,16,486,4
233,874,1,0,2,20,0,2,1,1,0.16,0.1364,0.4,0.3284,3,53,1
234,16861,4,1,12,7,0,1,1,2,0.38,0.3939,0.94,0.2537,3,291,3
235,1353,1,0,3,15,0,2,1,1,0.34,0.3636,0.34,0,7,57,1
236,3080,2,0,5,5,0,5,1,2,0.5,0.4848,0.88,0.194,1,24,0
237,15301,4,1,10,17,0,4,1,1,0.7,0.6515,0.51,0.2239,112,789,4
238,13575,3,1,7,19,0,2,1,1,0.76,0.7121,0.62,0.1642,109,523,4
239,1316,1,0,2,0,0,1,1,2,0.36,0.3636,0.66,0.1045,5,25,1
240,12254,2,1,5,18,0,3,1,1,0.74,0.6667,0.48,0.1642,50,746,4
241,4334,3,0,7,11,1,1,0,2,0.76,0.697,0.55,0.0896,177,172,4
242,11931,2,1,5,7,0,4,1,1,0.54,0.5152,0.73,0.3881,25,449,4
243,3352,2,0,5,13,0,2,1,1,0.78,0.697,0.46,0.2537,38,152,3
244,7922,4,0,12,17,0,4,1,1,0.36,0.3485,0.46,0.1343,9,409,4
245,2085,2,0,4,17,0,5,1,1,0.34,0.303,0.46,0.3284,36,245,3
246,2570,2,0,4,23,0,4,1,1,0.4,0.4091,0.43,0.1045,13,86,2
247,13094,3,1,7,18,1,3,0,1,0.9,0.8485,0.42,0.194,159,271,4
248,8711,1,1,1,18,0,2,1,1,0.14,0.0909,0.26,0.5224,10,214,3
249,192,1,0,1,6,0,0,0,1,0.1,0.0909,0.49,0.2836,0,1,0
250,6985,4,0,10,15,0,0,0,1,0.52,0.5,0.52,0.1642,171,216,4
251,2387,2,0,4,8,0,4,1,1,0.42,0.4242,0.58,0.1642,21,316,4
252,9831,1,1,2,13,0,0,0,1,0.3,0.303,0.49,0.1642,64,197,3
253,14957,3,1,9,9,0,4,1,1,0.56,0.5303,0.6,0.0896,25,330,4
254,14898,3,1,9,22,0,1,1,3,0.62,0.5758,0.83,0.2537,20,109,2
255,10785,2,1,3,11,0,5,1,2,0.36,0.3788,0.53,0,48,153,3
256,10797,2,1,3,23,0,5,1,1,0.36,0.3788,0.71,0,16,107,2
257,10449,1,1,3,11,0,5,1,2,0.44,0.4394,0.77,0,40,167,3
258,2236,2,0,4,0,0,5,1,2,0.36,0.3485,0.76,0.2239,4,21,0
259,8155,4,0,12,10,0,0,0,1,0.24,0.2879,0.44,0,30,164,3
260,17200,1,1,12,11,0,1,1,2,0.26,0.2576,0.6,0.1642,20,104,2
261,305,1,0,1,3,0,5,1,1,0.1,0.1364,0.54,0.1045,0,1,0
262,11021,2,1,4,8,0,1,1,1,0.44,0.4394,0.3,0.194,22,595,4
263,8387,1,0,12,2,0,3,1,2,0.36,0.3788,0.71,0,0,4,0
264,3932,2,0,6,17,0,5,1,3,0.76,0.6818,0.4,0.194,85,467,4
265,1408,1,0,3,22,0,4,1,1,0.2,0.2576,0.4,0,3,50,1
266,4271,3,0,7,20,0,5,1,1,0.72,0.6515,0.42,0.2239,84,185,3
267,4855,3,0,7,4,0,2,1,1,0.68,0.6364,0.88,0.1642,0,6,0
268,11528,2,1,4,12,0,1,1,2,0.44,0.4394,0.47,0.1343,45,180,3
269,1599,1,0,3,2,0,6,0,1,0.24,0.2273,0.65,0.194,0,14,0
270,12573,2,1,6,1,0,3,1,1,0.64,0.5909,0.78,0,7,21,1
271,14050,3,1,8,14,0,1,1,1,0.8,0.697,0.33,0.1045,85,163,3
272,13591,3,1,7,11,0,3,1,1,0.76,0.6667,0.33,0,79,202,3
273,10155,1,1,3,4,0,0,0,2,0.34,0.3333,0.46,0.194,3,11,0
274,13483,3,1,7,23,0,5,1,2,0.62,0.5758,0.83,0.2836,18,148,2
275,8627,1,0,12,5,0,6,0,2,0.36,0.3485,0.76,0.2239,1,0,0
276,9412,1,1,2,1,0,4,1,2,0.46,0.4545,0.55,0,3,14,0
277,8732,1,1,1,15,0,3,1,2,0.18,0.1515,0.37,0.3284,9,81,1
278,10181,1,1,3,6,0,1,1,1,0.18,0.197,0.59,0.1343,2,89,1
279,16889,4,1,12,11,0,2,1,2,0.36,0.3333,0.53,0.3582,28,145,2
280,2265,2,0,4,5,0,6,0,2,0.3,0.2879,0.93,0.2239,0,5,0
281,2091,2,0,4,23,0,5,1,1,0.3,0.3182,0.61,0.0896,12,41,1
282,6693,4,0,10,10,0,2,1,2,0.6,0.5909,0.69,0.1343,38,111,2
283,7540,4,0,11,18,0,2,1,2,0.5,0.4848,0.72,0.2836,27,414,4
284,8563,1,0,12,13,0,3,1,1,0.34,0.2879,0.39,0.4627,24,135,2
285,14822,3,1,9,18,0,5,1,1,0.72,0.6515,0.45,0.2239,116,692,4
286,4614,3,0,7,3,0,6,0,1,0.6,0.5758,0.78,0.1343,6,20,0
287,8334,4,0,12,21,0,0,0,1,0.22,0.2727,0.64,0,9,80,1
288,8655,1,1,1,9,0,0,0,1,0.26,0.2727,0.93,0.1045,13,27,1
289,11604,2,1,5,16,0,4,1,1,0.68,0.6364,0.57,0.1642,45,325,4
290,3399,2,0,5,12,0,4,1,1,0.78,0.7424,0.59,0.3284,53,141,3
291,13682,3,1,7,6,0,0,0,1,0.64,0.6061,0.73,0.1642,6,12,0
292,2106,2,0,4,14,0,6,0,3,0.32,0.303,0.76,0.3284,97,93,3
293,263,1,0,1,9,0,3,1,1,0.16,0.1364,0.59,0.3284,3,78,1
294,2300,2,0,4,16,0,0,0,2,0.52,0.5,0.72,0.1642,135,153,3
295,2539,2,0,4,16,0,3,1,2,0.76,0.6667,0.35,0.3582,54,201,3
296,10791,2,1,3,17,0,5,1,2,0.4,0.4091,0.62,0.2239,93,513,4
297,1722,1,0,3,9,0,4,1,1,0.4,0.4091,0.62,0.2537,23,162,2
298,9595,1,1,2,17,0,4,1,1,0.34,0.3333,0.34,0.1343,12,387,4
299,15329,4,1,10,21,0,5,1,1,0.6,0.5909,0.69,0.2239,47,220,3
300,14288,3,1,8,12,0,4,1,1,0.78,0.6818,0.38,0,97,235,4
301,9429,1,1,2,18,0,4,1,1,0.4,0.4091,0.43,0.4627,17,393,4
302,3360,2,0,5,21,0,2,1,1,0.64,0.5909,0.78,0.0896,21,168,2
303,7778,4,0,11,16,0,5,1,1,0.5,0.4848,0.39,0.1642,122,139,3
304,5789,3,0,9,15,0,6,0,1,0.72,0.6818,0.7,0.1642,187,201,4
305,8877,1,1,1,17,0,2,1,1,0.42,0.4242,0.38,0.2537,14,446,4
306,7550,4,0,11,4,0,3,1,2,0.44,0.4394,1,0.2239,1,3,0
307,8029,4,0,12,4,0,2,1,3,0.46,0.4545,0.88,0.2239,0,7,0
308,4127,3,0,6,20,0,6,0,1,0.7,0.6515,0.48,0.194,74,195,3
309,9797,1,1,2,3,0,6,0,1,0.28,0.2879,0.65,0.1045,3,15,0
310,13459,3,1,7,23,0,4,1,3,0.66,0.5909,0.89,0.2239,3,62,1
311,76,1,0,1,7,0,2,1,1,0.12,0.1515,0.74,0.1343,2,92,1
312,8600,1,0,12,2,0,5,1,1,0.24,0.2576,0.7,0.1045,2,10,0
313,15625,4,1,10,5,0,4,1,1,0.44,0.4394,0.82,0.2239,1,41,1
314,13347,3,1,7,7,0,0,0,1,0.7,0.6667,0.79,0.0896,17,30,1
315,6014,3,0,9,3,0,2,1,1,0.58,0.5455,0.83,0,2,2,0
316,9238,1,1,1,19,0,3,1,2,0.34,0.3636,0.53,0,5,311,3
317,4637,3,0,7,2,0,0,0,1,0.64,0.6061,0.69,0.2239,28,66,1
318,16974,4,1,12,0,0,6,0,1,0.3,0.3333,0.7,0,4,90,1
319,10198,1,1,3,23,0,1,1,1,0.22,0.1818,0.37,0.5821,2,29,1
320,16483,4,1,11,12,0,6,0,2,0.3,0.2576,0.36,0.6119,53,146,3
321,16792,4,1,12,10,0,5,1,2,0.32,0.3182,0.76,0.1642,16,150,2
322,10687,2,1,3,9,0,1,1,1,0.46,0.4545,0.47,0.2836,37,245,3
323,17203,1,1,12,14,0,1,1,3,0.24,0.2576,0.87,0.1045,13,33,1
324,12967,3,1,6,11,0,5,1,2,0.9,0.8485,0.42,0.2836,51,137,2
325,13279,3,1,7,11,0,4,1,1,0.76,0.6818,0.45,0.1045,49,166,3
326,2687,2,0,4,20,0,2,1,1,0.64,0.6061,0.73,0.3582,35,199,3
327,15428,4,1,10,0,0,3,1,2,0.46,0.4545,0.88,0.0896,0,33,1
328,8349,4,0,12,12,0,1,1,1,0.3,0.2727,0.61,0.3284,13,128,2
329,1361,1,0,3,23,0,2,1,1,0.24,0.2273,0.65,0.2239,2,23,0
330,5503,3,0,8,4,0,1,1,1,0.68,0.6364,0.65,0.194,2,10,0
331,5455,3,0,8,4,0,6,0,2,0.6,0.5455,0.88,0,1,6,0
332,11408,2,1,4,12,0,3,1,1,0.54,0.5152,0.28,0.2836,49,220,3
333,13616,3,1,7,12,0,4,1,1,0.84,0.8182,0.56,0.2537,73,206,3
334,15996,4,1,11,4,0,0,0,1,0.26,0.2727,0.65,0.1343,2,7,0
335,9792,1,1,2,22,0,5,1,1,0.36,0.3485,0.4,0.2239,15,92,2
336,13034,3,1,7,6,0,1,1,1,0.7,0.6515,0.58,0.1045,4,132,2
337,6193,3,0,9,14,0,2,1,2,0.58,0.5455,0.88,0.194,27,85,2
338,7727,4,0,11,13,0,3,1,2,0.44,0.4394,0.54,0.4925,12,162,2
339,858,1,0,2,4,0,2,1,1,0.26,0.2576,0.93,0.1642,0,3,0
340,15895,4,1,10,23,0,2,1,1,0.3,0.303,0.81,0.1343,3,36,1
341,4977,3,0,7,6,0,0,0,1,0.74,0.697,0.7,0,5,8,0
342,655,1,0,1,14,0,0,0,1,0.28,0.303,0.61,0.0896,18,104,2
343,14259,3,1,8,7,0,3,1,1,0.62,0.5909,0.78,0,16,537,4
344,1630,1,0,3,10,0,0,0,1,0.42,0.4242,0.47,0.2537,36,86,2
345,3238,2,0,5,19,0,4,1,1,0.58,0.5455,0.6,0.1343,65,345,4
346,13506,3,1,7,22,0,6,0,2,0.6,0.5455,0.88,0.1045,40,140,2
347,16057,4,1,11,17,0,2,1,1,0.32,0.303,0.53,0.2239,30,597,4
348,8972,1,1,1,16,0,6,0,1,0.24,0.2273,0.38,0.2239,28,178,3
349,4848,3,0,7,21,0,1,1,1,0.7,0.6667,0.84,0,41,153,3
350,10217,1,1,3,18,0,2,1,1,0.34,0.303,0.42,0.3284,15,442,4
351,14660,3,1,9,0,0,6,0,1,0.66,0.5909,0.89,0.2537,20,130,2
352,13129,3,1,7,5,0,5,1,1,0.74,0.697,0.66,0.194,4,31,1
353,8440,1,0,12,7,0,5,1,1,0.38,0.3939,0.82,0.2239,4,88,1
354,12638,2,1,6,18,0,5,1,1,0.72,0.6515,0.39,0.2239,121,572,4
355,13226,3,1,7,6,0,2,1,2,0.68,0.6364,0.79,0.1045,4,183,2
356,10552,1,1,3,18,0,2,1,1,0.6,0.5909,0.69,0.2537,136,665,4
357,16195,4,1,11,12,1,1,0,1,0.56,0.5303,0.64,0.2239,105,314,4
358,16361,4,1,11,10,0,1,1,2,0.36,0.3333,0.66,0.2537,33,106,2
359,5522,3,0,8,23,0,1,1,1,0.62,0.6212,0.41,0.2537,19,45,1
360,14720,3,1,9,12,0,1,1,1,0.64,0.6212,0.44,0.3881,76,256,4
361,1072,1,0,2,9,0,4,1,1,0.36,0.3485,0.57,0.194,16,163,2
362,2706,2,0,4,15,0,3,1,1,0.7,0.6515,0.65,0.4925,18,120,2
363,3267,2,0,5,0,0,6,0,1,0.52,0.5,0.77,0.1045,20,78,1
364,11456,2,1,4,12,0,5,1,1,0.46,0.4545,0.36,0.3582,63,244,3
365,2852,2,0,5,17,0,2,1,1,0.7,0.6515,0.54,0.4627,53,464,4
366,11279,2,1,4,3,0,5,1,1,0.44,0.4394,0.88,0.1045,1,9,0
367,16307,4,1,11,4,0,6,0,1,0.24,0.2273,0.7,0.194,1,6,0
368,3907,2,0,6,16,0,4,1,3,0.66,0.6212,0.69,0.194,36,258,3
369,6509,4,0,10,18,0,1,1,2,0.4,0.4091,0.76,0.1642,28,384,4
370,10138,1,1,3,11,0,6,0,2,0.4,0.4091,0.87,0.0896,33,181,3
371,12994,3,1,6,14,0,6,0,1,0.88,0.7727,0.3,0.2537,114,295,4
372,12843,3,1,6,7,0,0,0,1,0.64,0.6061,0.69,0.1045,23,48,1
373,13924,3,1,8,8,0,3,1,2,0.74,0.7273,0.72,0.0896,48,689,4
374,13693,3,1,7,17,0,0,0,1,0.82,0.7424,0.41,0.1642,164,367,4
375,13756,3,1,8,8,0,3,1,2,0.66,0.6061,0.78,0.194,32,649,4
376,1236,1,0,2,14,0,4,1,2,0.4,0.4091,0.5,0.2985,2,67,1
377,6446,4,0,10,3,0,6,0,1,0.46,0.4545,0.59,0.4179,8,17,0
378,9919,1,1,2,7,0,4,1,1,0.36,0.3485,0.81,0.2239,9,317,4
379,2568,2,0,4,21,0,4,1,1,0.42,0.4242,0.47,0.194,25,159,2
380,7612,4,0,11,18,0,5,1,1,0.3,0.303,0.36,0.1642,16,312,4
381,10040,1,1,2,8,0,2,1,1,0.26,0.2424,0.48,0.2836,16,543,4
382,15524,4,1,10,0,0,0,0,1,0.4,0.4091,0.71,0.2537,8,103,2
383,8480,1,0,12,23,0,6,0,1,0.24,0.2576,0.56,0,1,16,0
384,954,1,0,2,8,0,6,0,1,0.14,0.1515,0.86,0.1343,2,28,1
385,14552,3,1,9,12,1,1,0,2,0.76,0.7121,0.62,0.2985,191,352,4
386,13750,3,1,8,2,0,3,1,1,0.64,0.5758,0.83,0.1045,0,13,0
387,2376,2,0,4,21,0,3,1,1,0.42,0.4242,0.67,0.1642,17,100,2
388,4131,3,0,6,0,0,0,0,1,0.64,0.6212,0.53,0,30,85,2
389,16967,4,1,12,17,0,5,1,1,0.34,0.3333,0.57,0.1642,40,582,4
390,4054,3,0,6,19,0,3,1,2,0.8,0.7424,0.52,0.2537,62,280,4
391,2686,2,0,4,19,0,2,1,1,0.64,0.6061,0.73,0.4179,42,286,4
392,15496,4,1,10,20,0,5,1,1,0.42,0.4242,0.47,0.1343,28,280,3
393,14118,3,1,8,10,0,4,1,1,0.74,0.6667,0.48,0.1343,78,121,3
394,2947,2,0,5,16,0,6,0,1,0.6,0.6212,0.38,0.194,119,223,4
395,7075,4,0,10,9,0,4,1,2,0.5,0.4848,0.82,0.1642,16,155,2
396,751,1,0,2,16,0,4,1,1,0.22,0.2121,0.37,0.2537,5,73,1
397,10071,1,1,2,16,0,3,1,3,0.4,0.4091,0.82,0.2239,5,162,2
398,6436,4,0,9,17,0,5,1,1,0.62,0.6212,0.53,0.194,94,497,4
399,11118,2,1,4,10,0,5,1,1,0.44,0.4394,0.38,0.194,59,133,3
400,2284,2,0,4,0,0,0,0,2,0.38,0.3939,0.87,0.0896,5,48,1
401,14561,3,1,9,21,1,1,0,1,0.72,0.6818,0.76,0.1045,42,142,2
402,10594,2,1,3,12,0,4,1,2,0.54,0.5152,0.88,0.194,48,224,3
403,16970,4,1,12,20,0,5,1,1,0.32,0.3333,0.61,0.1343,12,209,3
404,1233,1,0,2,11,0,4,1,2,0.32,0.2879,0.57,0.3881,8,71,1
405,14555,3,1,9,15,1,1,0,1,0.74,0.697,0.7,0.2239,168,281,4
406,14541,3,1,9,1,1,1,0,2,0.68,0.6364,0.89,0.1642,18,37,1
407,12864,3,1,6,4,0,1,1,1,0.66,0.6061,0.78,0.2537,0,4,0
408,12474,2,1,6,22,0,5,1,1,0.68,0.6364,0.41,0.1045,61,230,3
409,10865,2,1,4,20,0,1,1,1,0.46,0.4545,0.31,0.1642,48,281,4
410,667,1,0,1,2,0,1,1,1,0.22,0.2273,0.64,0.194,0,1,0
411,6913,4,0,10,15,0,4,1,2,0.48,0.4697,0.51,0.4478,22,138,2
412,7927,4,0,12,22,0,4,1,1,0.3,0.3333,0.61,0,5,99,2
413,5979,3,0,9,15,0,0,0,1,0.74,0.6667,0.51,0.2985,134,270,4
414,11377,2,1,4,5,0,2,1,1,0.3,0.2879,0.7,0.194,0,22,0
415,17109,4,1,12,15,0,4,1,2,0.34,0.3333,0.57,0.194,33,216,3
416,15761,4,1,10,21,0,2,1,1,0.56,0.5303,0.68,0,35,260,3
417,112,1,0,1,20,0,3,1,1,0.22,0.2273,0.47,0.1642,7,82,1
418,940,1,0,2,18,0,5,1,1,0.28,0.3182,0.28,0,9,165,2
419,3092,2,0,5,17,0,5,1,3,0.52,0.5,0.88,0.1642,62,429,4
420,10779,2,1,3,5,0,5,1,1,0.32,0.3333,0.61,0.0896,0,26,0
421,5496,3,0,8,21,0,0,0,1,0.7,0.6667,0.79,0.2537,45,93,2
422,16883,4,1,12,5,0,2,1,3,0.34,0.303,0.71,0.3284,1,40,1
423,11143,2,1,4,11,0,6,0,1,0.52,0.5,0.45,0.194,207,357,4
424,42,1,0,1,18,0,0,0,2,0.36,0.3333,0.46,0.3284,10,43,1
425,2171,2,0,4,7,0,2,1,2,0.48,0.4697,0.88,0.3284,10,124,2
426,1021,1,0,2,5,0,2,1,1,0.22,0.1818,0.32,0.4627,0,4,0
427,11064,2,1,4,3,0,3,1,1,0.3,0.2879,0.49,0.2239,0,2,0
428,9737,1,1,2,15,0,3,1,1,0.42,0.4242,0.41,0.2239,7,164,2
429,9783,1,1,2,13,0,5,1,1,0.4,0.4091,0.43,0.3582,34,171,3
430,5358,3,0,8,3,0,2,1,1,0.62,0.5909,0.73,0.2239,1,5,0
431,7886,4,0,11,5,0,3,1,1,0.28,0.2727,0.81,0.194,1,21,0
432,1469,1,0,3,12,0,0,0,2,0.46,0.4545,0.94,0.3284,10,69,1
433,7282,4,0,11,0,0,6,0,1,0.32,0.2879,0.45,0.3582,4,48,1
434,5113,3,0,8,22,0,5,1,1,0.7,0.6515,0.65,0.2239,51,137,2
435,6427,4,0,9,8,0,5,1,1,0.54,0.5152,0.77,0.1343,31,425,4
436,16313,4,1,11,10,0,6,0,1,0.36,0.3333,0.46,0.2537,62,258,3
437,12575,2,1,6,3,0,3,1,1,0.62,0.5758,0.83,0.194,1,7,0
438,6796,4,0,10,17,0,6,0,1,0.58,0.5455,0.32,0.2836,177,264,4
439,13832,3,1,8,12,0,6,0,1,0.86,0.7879,0.4,0.3582,222,325,4
440,16386,4,1,11,11,0,2,1,2,0.42,0.4242,0.67,0.0896,45,160,3
441,11267,2,1,4,15,0,4,1,1,0.6,0.6212,0.43,0,66,196,3
442,9627,1,1,2,1,0,6,0,3,0.28,0.2879,0.81,0.1343,2,43,1
443,1123,1,0,2,12,0,6,0,1,0.44,0.4394,0.18,0.4925,38,81,2
444,12414,2,1,6,10,0,3,1,1,0.6,0.6212,0.46,0.0896,55,148,3
445,8642,1,0,12,20,0,6,0,1,0.42,0.4242,0.54,0.2239,8,63,1
446,7988,4,0,12,11,0,0,0,1,0.34,0.3333,0.81,0.1642,48,206,3
447,14543,3,1,9,3,1,1,0,1,0.66,0.5909,0.89,0.1343,6,22,1
448,10778,2,1,3,4,0,5,1,1,0.34,0.3485,0.53,0.0896,1,1,0
449,14363,3,1,8,15,0,0,0,3,0.64,0.5758,0.89,0.2836,132,259,4
450,566,1,0,1,18,0,2,1,2,0.3,0.3182,0.49,0.0896,7,218,3
451,5356,3,0,8,1,0,2,1,1,0.64,0.6061,0.69,0.1642,4,12,0
452,5393,3,0,8,14,0,3,1,1,0.82,0.7273,0.36,0.1642,54,138,3
453,1966,2,0,3,17,0,0,0,1,0.32,0.303,0.31,0.2537,50,109,2
454,17305,1,1,12,21,0,5,1,2,0.24,0.2424,0.7,0.1343,17,75,1
455,9761,1,1,2,15,0,4,1,3,0.34,0.3636,0.76,0,3,50,1
456,604,1,0,1,9,0,5,1,3,0.18,0.2121,0.86,0.0896,6,95,2
457,6315,4,0,9,16,0,0,0,1,0.7,0.6515,0.7,0,144,320,4
458,16322,4,1,11,19,0,6,0,1,0.34,0.3485,0.53,0.0896,45,208,3
459,7999,4,0,12,22,0,0,0,1,0.34,0.3485,0.87,0.1045,5,59,1
460,8389,1,0,12,4,0,3,1,2,0.36,0.3788,0.71,0,0,2,0
461,10976,2,1,4,11,0,6,0,1,0.44,0.4394,0.24,0.2985,251,244,4
462,4706,3,0,7,23,0,2,1,3,0.72,0.697,0.79,0.1642,19,73,1
463,401,1,0,1,16,0,2,1,2,0.22,0.2273,0.87,0.194,0,61,1
464,3285,2,0,5,18,0,6,0,2,0.7,0.6364,0.45,0.1642,191,253,4
465,2836,2,0,5,1,0,2,1,2,0.56,0.5303,0.78,0.2537,0,14,0
466,1305,1,0,2,13,0,0,0,1,0.42,0.4242,0.47,0,90,169,3
467,12030,2,1,5,10,0,1,1,3,0.58,0.5455,0.88,0.2836,28,71,2
468,5517,3,0,8,18,0,1,1,1,0.72,0.6515,0.28,0.2985,72,537,4
469,14609,3,1,9,21,0,3,1,1,0.72,0.697,0.79,0,18,278,3
470,6417,4,0,9,22,0,4,1,1,0.56,0.5303,0.68,0,25,150,2
471,6220,3,0,9,17,0,3,1,3,0.66,0.6212,0.74,0.1642,61,475,4
472,8396,1,0,12,11,0,3,1,2,0.48,0.4697,0.82,0.4179,3,53,1
473,5015,3,0,8,20,0,1,1,1,0.72,0.6818,0.62,0.2239,49,256,3
474,13585,3,1,7,5,0,3,1,1,0.64,0.6061,0.65,0.1642,5,54,1
475,13955,3,1,8,15,0,4,1,1,0.88,0.7727,0.32,0.2239,63,204,3
476,8104,4,0,12,7,0,5,1,1,0.22,0.2576,0.75,0.0896,4,195,3
477,14770,3,1,9,14,0,3,1,1,0.7,0.6364,0.37,0.1642,78,200,3
478,1840,2,0,3,9,0,2,1,2,0.4,0.4091,0.58,0.4627,19,159,2
479,15055,4,1,9,11,0,1,1,1,0.56,0.5303,0.37,0.194,71,167,3
480,17148,1,1,12,6,0,6,0,1,0.26,0.2273,0.44,0.4179,0,13,0
481,16193,4,1,11,10,1,1,0,1,0.48,0.4697,0.77,0.1642,82,184,3
482,15918,4,1,10,22,0,3,1,1,0.36,0.3485,0.57,0.1343,18,147,2
483,17193,1,1,12,3,0,1,1,1,0.2,0.2576,0.75,0,1,2,0
484,16593,4,1,11,2,0,4,1,1,0.22,0.2727,0.64,0,1,6,0
485,6056,3,0,9,21,0,3,1,2,0.66,0.6212,0.65,0.2239,24,189,3
486,10915,2,1,4,22,0,3,1,1,0.56,0.5303,0.22,0.1642,30,151,2
487,4684,3,0,7,1,0,2,1,2,0.74,0.697,0.66,0.1343,7,6,0
488,13042,3,1,7,14,0,1,1,1,0.86,0.7576,0.34,0.2239,79,151,3
489,6591,4,0,10,4,0,5,1,1,0.4,0.4091,0.87,0.1045,0,5,0
490,5999,3,0,9,12,0,1,1,1,0.72,0.6667,0.51,0.194,37,147,2
491,878,1,0,2,0,0,3,1,1,0.1,0.0758,0.36,0.3582,0,17,0
492,12810,3,1,6,22,0,5,1,1,0.68,0.6364,0.69,0.1343,42,155,3
493,12782,3,1,6,18,0,4,1,1,0.86,0.7879,0.41,0.194,78,562,4
494,13013,3,1,7,9,0,0,0,1,0.82,0.7879,0.56,0,51,168,3
495,1276,1,0,2,7,0,6,0,1,0.22,0.2576,0.6,0.0896,1,21,0
496,4347,3,0,7,0,0,2,1,2,0.7,0.6515,0.65,0.1642,19,36,1
497,420,1,0,1,12,0,3,1,2,0.3,0.3182,0.81,0.0896,5,65,1
498,6818,4,0,10,15,0,0,0,1,0.62,0.6212,0.35,0.3881,182,230,4
499,8820,1,1,1,7,0,0,0,2,0.3,0.3333,0.52,0,1,23,0
500,7074,4,0,10,8,0,4,1,3,0.48,0.4697,0.88,0.194,12,304,3
501,4923,3,0,7,0,0,5,1,1,0.74,0.7121,0.79,0.1642,12,45,1
502,3890,2,0,6,23,0,3,1,1,0.62,0.6212,0.53,0,17,90,2
503,12207,2,1,5,19,1,1,0,1,0.8,0.7576,0.55,0.2985,148,247,4
504,13861,3,1,8,17,0,0,0,1,0.82,0.7576,0.46,0.2537,122,260,4
505,13253,3,1,7,9,0,3,1,2,0.7,0.6667,0.74,0.1343,30,298,4
506,10251,1,1,3,4,0,4,1,1,0.44,0.4394,0.72,0.2836,0,2,0
507,9766,1,1,2,20,0,4,1,2,0.32,0.3333,0.87,0.1343,5,211,3
508,16655,4,1,12,17,0,6,0,2,0.34,0.3485,0.76,0.1045,50,270,3
509,7662,4,0,11,20,0,0,0,2,0.52,0.5,0.68,0.1045,23,90,2
510,7558,4,0,11,12,0,3,1,3,0.46,0.4545,1,0,5,49,1
511,10336,1,1,3,18,0,0,0,1,0.52,0.5,0.29,0.2836,133,256,4
512,9230,1,1,1,11,0,3,1,2,0.3,0.2727,0.61,0.2985,52,105,2
513,16226,4,1,11,19,0,2,1,1,0.32,0.2879,0.49,0.3582,12,344,4
514,4184,3,0,6,5,0,2,1,1,0.66,0.6061,0.78,0,1,20,0
515,6184,3,0,9,5,0,2,1,2,0.54,0.5152,0.88,0.194,1,21,0
516,6343,4,0,9,20,0,1,1,1,0.64,0.5758,0.89,0.1343,24,227,3
517,15741,4,1,10,1,0,2,1,1,0.46,0.4545,0.77,0.1642,1,16,0
518,9100,1,1,1,1,0,5,1,1,0.26,0.2727,0.48,0.1343,0,15,0
519,12355,2,1,6,23,0,0,0,1,0.58,0.5455,0.53,0.1045,26,82,2
520,16757,4,1,12,23,0,3,1,1,0.3,0.2727,0.49,0.3881,5,69,1
521,15881,4,1,10,21,0,0,0,3,0.44,0.4394,0.88,0.4179,2,44,1
522,3308,2,0,5,17,0,0,0,1,0.7,0.6515,0.58,0.2537,93,213,3
523,8222,4,0,12,5,0,3,1,2,0.26,0.303,0.81,0,0,26,0
524,14166,3,1,8,10,0,6,0,1,0.7,0.6515,0.54,0.1642,166,314,4
525,3521,2,0,5,14,0,2,1,1,0.9,0.8182,0.37,0,41,99,2
526,3487,2,0,5,4,1,1,0,1,0.62,0.5455,0.94,0.1642,2,4,0
527,2496,2,0,4,21,0,1,1,1,0.56,0.5303,0.37,0.2836,20,131,2
528,10763,2,1,3,13,0,4,1,1,0.46,0.4545,0.44,0.3284,50,223,3
529,8869,1,1,1,9,0,2,1,2,0.18,0.197,0.93,0.1642,11,184,3
530,1418,1,0,3,8,0,5,1,1,0.18,0.197,0.74,0.1343,6,222,3
531,12529,2,1,6,5,0,1,1,1,0.64,0.5909,0.78,0.1343,1,36,1
532,7316,4,0,11,10,0,0,0,1,0.36,0.3636,0.66,0.0896,76,186,3
533,12056,2,1,5,12,0,2,1,2,0.62,0.5909,0.78,0.1045,76,178,3
534,4729,3,0,7,22,0,3,1,1,0.78,0.7727,0.7,0.2239,25,144,2
535,13701,3,1,7,1,0,1,1,1,0.7,0.6667,0.74,0,4,15,0
536,1309,1,0,2,17,0,0,0,1,0.42,0.4242,0.54,0.194,66,121,2
537,2645,2,0,4,2,0,1,1,1,0.54,0.5152,1,0.0896,1,9,0
538,11803,2,1,5,23,0,5,1,1,0.54,0.5152,0.37,0.194,38,142,2
539,5675,3,0,8,21,0,1,1,1,0.64,0.6212,0.53,0.194,34,168,3
540,12879,3,1,6,19,0,1,1,1,0.74,0.6515,0.27,0.4627,74,508,4
541,9633,1,1,2,7,0,6,0,3,0.22,0.2273,0.93,0.1343,0,19,0
542,1291,1,0,2,22,0,6,0,1,0.28,0.2727,0.75,0.2239,8,38,1
543,6994,4,0,10,0,0,1,1,1,0.42,0.4242,0.77,0,6,26,1
544,9642,1,1,2,16,0,6,0,3,0.22,0.197,0.75,0.4179,12,134,2
545,7921,4,0,12,16,0,4,1,1,0.4,0.4091,0.4,0.194,9,192,3
546,10274,1,1,3,3,0,5,1,1,0.46,0.4545,0.77,0.5224,0,7,0
547,10677,2,1,3,23,0,0,0,1,0.48,0.4697,0.82,0.1343,9,56,1
548,6346,4,0,9,23,0,1,1,1,0.62,0.5455,0.94,0.1343,11,64,1
549,14666,3,1,9,6,0,6,0,2,0.66,0.5909,0.89,0.2836,8,26,1
550,12329,2,1,6,21,0,6,0,1,0.6,0.6212,0.4,0.1045,96,220,3
551,10820,2,1,3,22,0,6,0,2,0.38,0.3939,0.71,0.2537,40,116,2
552,11019,2,1,4,6,0,1,1,1,0.42,0.4242,0.26,0.2239,3,108,2
553,9925,1,1,2,13,0,4,1,1,0.52,0.5,0.39,0.194,30,188,3
554,6444,4,0,10,1,0,6,0,1,0.48,0.4697,0.67,0.3284,11,47,1
555,10693,2,1,3,15,0,1,1,1,0.48,0.4697,0.29,0.6119,66,157,3
556,16620,4,1,11,6,0,5,1,1,0.2,0.2576,0.86,0,2,104,2
557,9816,1,1,2,22,0,6,0,1,0.4,0.4091,0.4,0.4478,17,101,2
558,17359,1,1,12,3,0,1,1,1,0.16,0.1818,0.59,0.1045,0,1,0
559,15932,4,1,11,12,0,4,1,3,0.38,0.3939,0.62,0.1642,23,198,3
560,2295,2,0,4,11,0,0,0,2,0.4,0.4091,0.87,0.1343,93,109,3
561,7519,4,0,11,21,0,1,1,1,0.6,0.6212,0.53,0.3582,37,176,3
562,15521,4,1,10,21,0,6,0,1,0.4,0.4091,0.58,0.194,47,157,3
563,4661,3,0,7,2,0,1,1,1,0.66,0.6061,0.83,0.2239,2,8,0
564,2391,2,0,4,12,0,4,1,1,0.54,0.5152,0.42,0.1343,35,110,2
565,8828,1,1,1,15,0,0,0,1,0.4,0.4091,0.37,0.2836,89,241,4
566,6092,3,0,9,9,0,5,1,1,0.46,0.4545,0.55,0.2537,21,189,3
567,11044,2,1,4,7,0,2,1,1,0.34,0.3485,0.71,0.1045,16,368,4
568,14285,3,1,8,9,0,4,1,2,0.7,0.6515,0.7,0,58,354,4
569,1031,1,0,2,15,0,2,1,1,0.34,0.3333,0.19,0.1642,11,74,1
570,4123,3,0,6,16,0,6,0,1,0.76,0.6818,0.43,0.2985,175,235,4
571,6527,4,0,10,12,0,2,1,1,0.56,0.5303,0.56,0.2985,39,160,3
572,15776,4,1,10,12,0,3,1,1,0.62,0.6061,0.61,0.0896,48,268,3
573,6648,4,0,10,13,0,0,0,1,0.66,0.6212,0.44,0.0896,225,193,4
574,11950,2,1,5,2,0,5,1,1,0.48,0.4697,0.67,0.1343,12,9,0
575,11474,2,1,4,6,0,6,0,1,0.34,0.3333,0.49,0.194,10,18,1
576,10462,1,1,3,0,0,6,0,2,0.44,0.4394,0.94,0.0896,13,87,2
577,9170,1,1,1,23,0,0,0,2,0.16,0.1818,0.93,0.1045,2,35,1
578,10020,1,1,2,12,0,1,1,1,0.4,0.4091,0.37,0.2985,13,164,2
579,10149,1,1,3,22,0,6,0,1,0.44,0.4394,0.21,0.1343,19,115,2
580,13971,3,1,8,7,0,5,1,3,0.64,0.5758,0.89,0.1045,5,128,2
581,5960,3,0,9,20,0,6,0,1,0.66,0.6212,0.69,0.1045,78,167,3
582,17034,4,1,12,12,0,1,1,2,0.4,0.4091,0.87,0,21,211,3
583,10742,2,1,3,16,0,3,1,3,0.62,0.6212,0.43,0.0896,51,170,3
584,914,1,0,2,14,0,4,1,1,0.2,0.1818,0.27,0.2836,6,42,1
585,15600,4,1,10,4,0,3,1,1,0.36,0.3636,0.81,0.0896,0,4,0
586,16350,4,1,11,23,0,0,0,1,0.36,0.3485,0.66,0.2239,6,53,1
587,14077,3,1,8,17,0,2,1,3,0.76,0.7273,0.66,0.2537,78,734,4
588,14589,3,1,9,1,0,3,1,1,0.7,0.6667,0.84,0.194,2,11,0
589,8516,1,0,12,13,1,1,0,1,0.38,0.3939,0.4,0.2985,57,83,2
590,9503,1,1,2,20,0,0,0,1,0.28,0.2727,0.56,0.194,3,47,1
591,11903,2,1,5,3,0,3,1,1,0.56,0.5303,0.88,0.1045,1,5,0
592,14716,3,1,9,8,0,1,1,1,0.56,0.5303,0.6,0.2836,33,697,4
593,9281,1,1,1,14,0,5,1,1,0.5,0.4848,0.55,0.5522,23,153,2
594,10209,1,1,3,10,0,2,1,1,0.24,0.2576,0.44,0,16,113,2
595,140,1,0,1,1,0,5,1,2,0.2,0.197,0.69,0.2239,2,5,0
596,4433,3,0,7,14,0,5,1,2,0.8,0.7879,0.63,0.3582,53,163,3
597,6517,4,0,10,2,0,2,1,2,0.4,0.4091,0.87,0,1,2,0
598,1835,2,0,3,4,0,2,1,2,0.42,0.4242,0.82,0.1642,0,1,0
599,3741,2,0,6,18,0,4,1,1,0.88,0.803,0.39,0.2836,52,414,4
600,17025,4,1,12,3,0,1,1,2,0.36,0.3788,0.93,0,0,3,0
601,3181,2,0,5,10,0,2,1,3,0.54,0.5152,0.88,0.2537,31,73,2
602,7080,4,0,10,14,0,4,1,2,0.52,0.5,0.83,0,16,76,1
603,8363,4,0,12,2,0,2,1,2,0.34,0.3636,0.61,0,1,10,0
604,6058,3,0,9,23,0,3,1,2,0.64,0.6061,0.69,0.1045,10,62,1
605,809,1,0,2,3,0,0,0,1,0.26,0.2879,0.6,0.0896,3,10,0
606,6363,4,0,9,16,0,2,1,2,0.66,0.6061,0.83,0.194,33,225,3
607,13040,3,1,7,12,0,1,1,1,0.84,0.7273,0.32,0.194,74,183,3
608,5665,3,0,8,11,0,1,1,1,0.66,0.6212,0.47,0.1642,38,100,2
609,8438,1,0,12,5,0,5,1,1,0.36,0.3485,0.93,0.194,0,8,0
610,9174,1,1,1,3,0,1,1,2,0.18,0.2424,0.86,0,0,1,0
611,11292,2,1,4,16,0,5,1,1,0.66,0.6212,0.44,0.194,151,429,4
612,4511,3,0,7,20,0,1,1,1,0.72,0.697,0.74,0.4179,42,194,3
613,10340,1,1,3,22,0,0,0,1,0.4,0.4091,0.54,0.194,13,81,1
614,1846,2,0,3,15,0,2,1,1,0.5,0.4848,0.42,0.2239,55,79,2
615,8147,4,0,12,2,0,0,0,1,0.18,0.1667,0.55,0.2537,5,47,1
616,4808,3,0,7,5,0,0,0,1,0.78,0.7576,0.66,0.0896,5,3,0
617,14522,3,1,9,6,0,0,0,2,0.66,0.5909,0.89,0,2,13,0
618,4566,3,0,7,3,0,4,1,1,0.62,0.6212,0.57,0.2985,1,5,0
619,770,1,0,2,12,0,5,1,2,0.24,0.2424,0.48,0.1642,8,78,1
620,3510,2,0,5,3,0,2,1,2,0.64,0.5606,0.94,0,1,3,0
621,10709,2,1,3,7,0,2,1,1,0.22,0.2273,0.37,0.194,9,277,3
622,3600,2,0,6,21,0,5,1,1,0.64,0.6212,0.29,0.1045,51,196,3
623,1239,1,0,2,17,0,4,1,3,0.36,0.3485,0.66,0.194,9,168,2
624,6010,3,0,9,23,0,1,1,1,0.62,0.5758,0.83,0.1045,7,62,1
625,12551,2,1,6,3,0,2,1,2,0.66,0.6212,0.69,0.2537,3,9,0
626,5681,3,0,8,3,0,2,1,1,0.54,0.5152,0.73,0.194,2,2,0
627,10253,1,1,3,6,0,4,1,1,0.42,0.4242,0.77,0.2537,4,105,2
628,14896,3,1,9,20,0,1,1,2,0.62,0.5909,0.73,0.1343,32,308,4
629,3558,2,0,6,3,0,4,1,1,0.66,0.6212,0.44,0.1045,0,4,0
630,2314,2,0,4,7,0,1,1,2,0.5,0.4848,0.88,0.2239,12,164,2
631,2960,2,0,5,5,0,0,0,2,0.44,0.4394,0.77,0,0,5,0
632,4561,3,0,7,22,0,3,1,1,0.68,0.6364,0.83,0.194,48,136,2
633,6902,4,0,10,4,0,4,1,1,0.5,0.4848,0.82,0.4627,2,6,0
634,13678,3,1,7,2,0,0,0,1,0.66,0.6212,0.74,0.1343,33,79,2
635,8112,4,0,12,15,0,5,1,1,0.38,0.3939,0.46,0.2836,29,160,2
636,14778,3,1,9,22,0,3,1,1,0.56,0.5303,0.64,0.0896,23,189,3
637,16383,4,1,11,8,0,2,1,1,0.34,0.3333,0.71,0.1343,16,649,4
638,10990,2,1,4,1,0,0,0,1,0.44,0.4394,0.24,0.2239,14,50,1
639,510,1,0,1,8,0,0,0,1,0.06,0.0758,0.62,0.1642,2,17,0
640,15980,4,1,11,12,0,6,0,2,0.36,0.3182,0.46,0.4627,74,320,4
641,8802,1,1,1,13,0,6,0,1,0.44,0.4394,0.44,0.194,149,296,4
642,11433,2,1,4,13,0,4,1,2,0.5,0.4848,0.82,0.1642,19,178,3
643,15917,4,1,10,21,0,3,1,2,0.4,0.4091,0.5,0.194,12,180,3
644,3319,2,0,5,4,0,1,1,2,0.54,0.5152,0.94,0,2,2,0
645,5906,3,0,9,14,0,4,1,2,0.7,0.6667,0.79,0.3582,15,105,2
646,15902,4,1,10,6,0,3,1,1,0.3,0.303,0.81,0.1642,0,116,2
647,13841,3,1,8,21,0,6,0,1,0.8,0.7727,0.59,0.2537,96,193,3
648,967,1,0,2,21,0,6,0,1,0.26,0.303,0.41,0,9,42,1
649,17325,1,1,12,17,0,6,0,1,0.26,0.2424,0.79,0.1045,18,100,2
650,11103,2,1,4,19,0,4,1,1,0.46,0.4545,0.31,0.2985,50,383,4
651,5569,3,0,8,22,0,3,1,1,0.7,0.6515,0.65,0.3582,41,140,2
652,4070,3,0,6,11,0,4,1,3,0.76,0.7273,0.66,0.2537,28,108,2
653,12940,3,1,6,8,0,4,1,1,0.66,0.6212,0.5,0.1343,40,577,4
654,7794,4,0,11,8,0,6,0,1,0.32,0.3333,0.76,0.0896,10,50,1
655,16265,4,1,11,10,0,4,1,2,0.32,0.3333,0.66,0.1343,11,142,2
656,9327,1,1,1,12,0,0,0,1,0.32,0.303,0.26,0.2239,73,215,3
657,15919,4,1,10,23,0,3,1,1,0.36,0.3636,0.57,0.0896,7,94,2
658,16421,4,1,11,22,0,3,1,1,0.34,0.3636,0.49,0,6,82,1
659,9456,1,1,2,21,0,5,1,1,0.34,0.3485,0.49,0.1045,8,126,2
660,7595,4,0,11,1,0,5,1,1,0.26,0.2273,0.44,0.3284,0,10,0
661,12239,2,1,5,3,0,3,1,3,0.62,0.5606,0.88,0.1343,0,5,0
662,16461,4,1,11,14,0,5,1,1,0.5,0.4848,0.36,0.2537,240,195,4
663,13264,3,1,7,20,0,3,1,1,0.74,0.6667,0.51,0.1642,73,410,4
664,828,1,0,2,22,0,0,0,1,0.26,0.303,0.6,0,5,57,1
665,1578,1,0,3,5,0,5,1,1,0.3,0.2879,0.81,0.2239,1,6,0
666,4193,3,0,6,14,0,2,1,1,0.86,0.7879,0.44,0.2239,43,117,2
667,14417,3,1,8,21,0,2,1,1,0.72,0.6667,0.48,0.0896,38,276,3
668,4802,3,0,7,23,0,6,0,1,0.8,0.7727,0.59,0.1045,27,77,2
669,6277,4,0,9,2,0,6,0,2,0.58,0.5455,0.94,0.0896,14,54,1
670,5429,3,0,8,2,0,5,1,3,0.64,0.5758,0.83,0,0,8,0
671,5296,3,0,8,13,0,6,0,2,0.74,0.7121,0.74,0.3284,61,92,2
672,1487,1,0,3,7,0,1,1,1,0.2,0.1667,0.75,0.4179,3,88,1
673,8095,4,0,12,22,0,4,1,1,0.26,0.2727,0.65,0.1343,8,84,1
674,6525,4,0,10,10,0,2,1,1,0.48,0.4697,0.67,0.2836,19,107,2
675,4164,3,0,6,9,0,1,1,2,0.72,0.6667,0.54,0,37,150,2
676,7969,4,0,12,16,0,6,0,1,0.38,0.3939,0.46,0,75,230,3
677,6825,4,0,10,22,0,0,0,1,0.56,0.5303,0.49,0.4179,42,88,2
678,3223,2,0,5,4,0,4,1,1,0.48,0.4697,0.94,0,2,3,0
679,10343,1,1,3,1,0,1,1,1,0.38,0.3939,0.5,0.1343,1,9,0
680,10357,1,1,3,15,0,1,1,1,0.56,0.5303,0.4,0.1343,74,159,3
681,3780,2,0,6,9,0,6,0,1,0.74,0.6818,0.62,0.1343,59,171,3
682,14923,3,1,9,23,0,2,1,2,0.56,0.5303,0.83,0.2239,11,67,1
683,7057,4,0,10,15,0,3,1,2,0.52,0.5,0.77,0,11,59,1
684,15687,4,1,10,19,0,6,0,1,0.5,0.4848,0.45,0.1343,77,268,4
685,34,1,0,1,10,0,0,0,2,0.36,0.3485,0.81,0.2239,7,46,1
686,5869,3,0,9,0,0,3,1,2,0.54,0.5152,0.94,0.2239,1,12,0
687,4011,3,0,6,0,0,2,1,1,0.62,0.5909,0.78,0.1642,10,23,1
688,3034,2,0,5,7,0,3,1,1,0.48,0.4697,0.72,0.194,25,293,3
689,474,1,0,1,18,0,5,1,1,0.12,0.1212,0.3,0.2537,1,119,2
690,1897,2,0,3,19,0,4,1,1,0.3,0.2727,0.56,0.3881,16,122,2
691,14480,3,1,8,12,0,5,1,1,0.86,0.7424,0.26,0.2537,120,290,4
692,2033,2,0,3,13,0,3,1,2,0.36,0.3485,0.46,0.2239,14,84,1
693,6486,4,0,10,19,0,0,0,2,0.38,0.3939,0.76,0.1642,34,128,2
694,1188,1,0,2,12,0,2,1,1,0.2,0.2273,0.59,0.1045,7,48,1
695,11880,2,1,5,4,0,2,1,3,0.56,0.5303,0.94,0,1,4,0
696,9061,1,1,1,10,0,3,1,1,0.3,0.2727,0.42,0.4627,5,88,1
697,5550,3,0,8,3,0,3,1,1,0.58,0.5455,0.68,0.1343,0,1,0
698,8506,1,0,12,2,1,1,0,1,0.34,0.3182,0.46,0.2239,2,5,0
699,10589,2,1,3,7,0,4,1,2,0.48,0.4697,1,0.0896,29,332,4
700,2596,2,0,4,1,0,6,0,2,0.32,0.3182,1,0.194,5,11,0
701,5568,3,0,8,21,0,3,1,1,0.7,0.6515,0.61,0.3582,47,189,3
702,14654,3,1,9,18,0,5,1,1,0.76,0.7121,0.62,0.2985,95,697,4
703,7236,4,0,11,2,0,4,1,1,0.34,0.3333,0.76,0.1343,2,5,0
704,16410,4,1,11,11,0,3,1,1,0.4,0.4091,0.5,0.194,43,198,3
705,4988,3,0,7,17,0,0,0,1,0.92,0.7727,0.16,0.1642,114,206,3
706,10780,2,1,3,6,0,5,1,1,0.32,0.3333,0.57,0.1343,5,81,1
707,12509,2,1,6,9,0,0,0,1,0.7,0.6515,0.58,0,91,175,3
708,1280,1,0,2,11,0,6,0,1,0.3,0.3333,0.45,0,26,100,2
709,11195,2,1,4,15,1,1,0,1,0.8,0.697,0.33,0.4478,81,194,3
710,15218,4,1,10,6,0,1,1,1,0.44,0.4394,0.77,0.1045,8,147,2
711,1509,1,0,3,5,0,2,1,1,0.2,0.2273,0.69,0.1045,2,8,0
712,6511,4,0,10,20,0,1,1,3,0.4,0.4091,0.82,0,13,191,3
713,5663,3,0,8,9,0,1,1,1,0.62,0.6212,0.53,0.2537,22,166,2
714,5553,3,0,8,6,0,3,1,1,0.56,0.5303,0.73,0,3,105,2
715,16612,4,1,11,22,0,4,1,1,0.26,0.2879,0.7,0.0896,4,147,2
716,8228,4,0,12,11,0,3,1,2,0.34,0.3636,0.55,0,12,103,2
717,9340,1,1,1,1,0,1,1,1,0.26,0.2273,0.6,0.3582,0,9,0
718,12469,2,1,6,17,0,5,1,1,0.76,0.6667,0.29,0.194,114,679,4
719,12735,2,1,6,19,0,2,1,1,0.8,0.7727,0.59,0.2239,82,432,4
720,7753,4,0,11,15,1,4,0,1,0.5,0.4848,0.31,0.2537,78,71,2
721,15777,4,1,10,13,0,3,1,1,0.66,0.6212,0.54,0,65,241,3
722,10684,2,1,3,6,0,1,1,1,0.42,0.4242,0.82,0.194,7,110,2
723,2488,2,0,4,13,0,1,1,2,0.56,0.5303,0.49,0.1642,41,128,2
724,6081,3,0,9,22,0,4,1,1,0.44,0.4394,0.67,0.2836,7,108,2
725,155,1,0,1,17,0,5,1,2,0.2,0.2576,0.37,0,9,178,2
726,16103,4,1,11,16,0,4,1,1,0.42,0.4242,0.16,0.3881,18,321,4
727,9586,1,1,2,8,0,4,1,1,0.2,0.197,0.64,0.2537,11,473,4
728,12238,2,1,5,2,0,3,1,3,0.62,0.5455,0.94,0.0896,1,4,0
729,14018,3,1,8,6,0,0,0,1,0.64,0.6061,0.65,0.1642,2,14,0
730,7067,4,0,10,1,0,4,1,1,0.46,0.4545,0.94,0,2,9,0
731,999,1,0,2,6,0,1,1,1,0.34,0.303,0.46,0.2985,1,25,0
732,3689,2,0,6,14,0,2,1,2,0.8,0.7273,0.43,0.2836,34,112,2
733,6534,4,0,10,19,0,2,1,1,0.52,0.5,0.68,0.2239,35,310,4
734,5003,3,0,8,8,0,1,1,1,0.8,0.7273,0.43,0.194,35,347,4
735,6495,4,0,10,4,0,1,1,1,0.34,0.3485,0.87,0.1045,2,6,0
736,4893,3,0,7,18,0,3,1,1,0.82,0.7121,0.28,0.1045,78,463,4
737,11363,2,1,4,15,0,1,1,2,0.36,0.3333,0.62,0.3881,11,101,2
738,7653,4,0,11,11,0,0,0,2,0.5,0.4848,0.63,0.1045,74,212,3
739,8148,4,0,12,3,0,0,0,1,0.16,0.1818,0.59,0.1343,2,17,0
740,17292,1,1,12,8,0,5,1,2,0.24,0.2424,0.6,0.1343,1,238,3
741,13519,3,1,7,11,0,0,0,2,0.66,0.6212,0.74,0,191,314,4
742,2296,2,0,4,12,0,0,0,2,0.42,0.4242,0.88,0.1343,94,136,3
743,3152,2,0,5,5,0,1,1,1,0.5,0.4848,0.93,0.194,1,20,0
744,2058,2,0,3,14,0,4,1,3,0.3,0.303,0.87,0.1343,27,49,1
745,2124,2,0,4,8,0,0,0,1,0.34,0.3333,0.57,0.1642,18,44,1
746,9640,1,1,2,14,0,6,0,2,0.26,0.2424,0.81,0.2537,38,205,3
747,1938,2,0,3,12,0,6,0,1,0.3,0.2879,0.36,0.194,98,129,3
748,16606,4,1,11,16,0,4,1,1,0.36,0.3485,0.4,0.2239,24,346,4
749,9123,1,1,1,0,0,6,0,3,0.16,0.1515,0.64,0.2239,0,24,0
750,7230,4,0,11,20,0,3,1,1,0.4,0.4091,0.66,0.1343,5,177,2
751,15858,4,1,10,22,0,6,0,2,0.52,0.5,0.72,0.2537,41,116,2
752,15657,4,1,10,13,0,5,1,1,0.62,0.5909,0.73,0.2239,87,288,4
753,4676,3,0,7,17,0,1,1,1,0.84,0.7879,0.49,0.3284,72,473,4
754,14535,3,1,9,19,0,0,0,2,0.7,0.6667,0.84,0.2239,140,152,3
755,6267,4,0,9,16,0,5,1,3,0.62,0.5455,0.94,0,5,51,1
756,3651,2,0,6,0,0,1,1,1,0.62,0.5909,0.78,0.1343,11,18,1
757,5398,3,0,8,19,0,3,1,1,0.76,0.697,0.55,0.2239,50,297,4
758,16829,4,1,12,23,0,6,0,2,0.4,0.4091,0.94,0,18,144,2
759,15220,4,1,10,8,0,1,1,2,0.46,0.4545,0.77,0.1045,40,744,4
760,6889,4,0,10,15,0,3,1,3,0.54,0.5152,1,0.1343,21,99,2
761,13009,3,1,7,5,0,0,0,1,0.68,0.6364,0.79,0.1045,3,7,0
762,1885,2,0,3,7,0,4,1,3,0.26,0.2576,1,0.2239,2,106,2
763,14882,3,1,9,6,0,1,1,1,0.48,0.4697,0.82,0,7,157,2
764,4951,3,0,7,4,0,6,0,1,0.72,0.6818,0.66,0.1642,4,6,0
765,7945,4,0,12,16,0,5,1,1,0.42,0.4242,0.41,0.0896,22,254,3
766,16988,4,1,12,14,0,6,0,1,0.4,0.4091,0.5,0.1642,92,334,4
767,4471,3,0,7,4,0,0,0,1,0.66,0.6212,0.69,0.0896,0,5,0
768,2257,2,0,4,21,0,5,1,2,0.3,0.2879,0.93,0.2537,11,43,1
769,1056,1,0,2,17,0,3,1,1,0.46,0.4545,0.28,0.2836,11,244,3
770,3604,2,0,6,1,0,6,0,1,0.54,0.5152,0.64,0.1045,14,80,1
771,6578,4,0,10,15,0,4,1,1,0.58,0.5455,0.46,0.1343,62,157,3
772,1886,2,0,3,8,0,4,1,3,0.26,0.2273,1,0.2985,4,120,2
773,9576,1,1,2,22,0,3,1,2,0.24,0.2424,0.87,0.1343,3,95,1
774,15892,4,1,10,20,0,2,1,2,0.3,0.2879,0.81,0.194,5,76,1
775,5263,3,0,8,4,0,5,1,1,0.62,0.6212,0.53,0.1343,0,5,0
776,11721,2,1,5,13,0,2,1,3,0.64,0.6061,0.65,0.2537,53,166,3
777,2741,2,0,4,2,0,5,1,1,0.46,0.4545,0.63,0.1045,2,8,0
778,11461,2,1,4,17,0,5,1,1,0.54,0.5152,0.24,0.3881,89,613,4
779,7105,4,0,10,15,0,5,1,2,0.36,0.3333,0.43,0.2537,44,171,3
780,15651,4,1,10,7,0,5,1,3,0.54,0.5152,0.94,0,5,149,2
781,7817,4,0,11,7,0,0,0,1,0.38,0.3939,0.87,0.2239,12,11,0
782,10606,2,1,3,0,0,5,1,1,0.56,0.5303,0.83,0,30,65,1
783,8383,4,0,12,22,0,2,1,2,0.36,0.3788,0.66,0,3,104,2
784,4692,3,0,7,9,0,2,1,2,0.8,0.7879,0.63,0.1343,22,177,3
785,320,1,0,1,19,0,5,1,1,0.16,0.197,0.59,0.0896,3,89,1
786,16845,4,1,12,15,0,0,0,3,0.36,0.3485,0.93,0.1642,25,200,3
787,3752,2,0,6,5,0,5,1,1,0.66,0.6061,0.78,0.1642,0,28,1
788,12225,2,1,5,13,0,2,1,1,0.82,0.7727,0.52,0.3881,63,176,3
789,13422,3,1,7,10,0,3,1,1,0.9,0.8485,0.42,0.194,39,99,2
790,7712,4,0,11,22,0,2,1,2,0.5,0.4848,0.94,0.194,6,81,1
791,12637,2,1,6,17,0,5,1,1,0.74,0.6515,0.37,0.2836,125,698,4
792,3883,2,0,6,16,0,3,1,1,0.76,0.6667,0.27,0.1343,47,265,3
793,12470,2,1,6,18,0,5,1,1,0.76,0.6667,0.27,0.2239,147,576,4
794,15526,4,1,10,2,0,0,0,1,0.4,0.4091,0.76,0.0896,8,58,1
795,2454,2,0,4,3,0,0,0,1,0.4,0.4091,0.66,0.1343,12,13,0
796,6664,4,0,10,5,1,1,0,1,0.46,0.4545,0.94,0,2,19,0
797,4869,3,0,7,18,0,2,1,1,0.84,0.7424,0.39,0.3881,68,478,4
798,9585,1,1,2,7,0,4,1,1,0.2,0.197,0.69,0.2537,4,263,3
799,12943,3,1,6,11,0,4,1,1,0.8,0.697,0.31,0.194,41,170,3
800,15409,4,1,10,5,0,2,1,2,0.38,0.3939,0.82,0.194,0,19,0
801,16795,4,1,12,13,0,5,1,2,0.36,0.3485,0.66,0.1343,23,197,3
802,8041,4,0,12,16,0,2,1,3,0.46,0.4545,1,0.2537,4,84,1
803,11957,2,1,5,9,0,5,1,1,0.56,0.5303,0.56,0.1045,57,304,4
804,2253,2,0,4,17,0,5,1,3,0.32,0.303,0.93,0.2537,10,138,2
805,4283,3,0,7,8,0,6,0,1,0.68,0.6364,0.57,0,38,94,2
806,4771,3,0,7,16,0,5,1,3,0.9,0.8333,0.39,0.2985,29,153,2
807,8863,1,1,1,2,0,2,1,2,0.22,0.2273,0.87,0.1642,2,2,0
808,9952,1,1,2,16,0,5,1,3,0.4,0.4091,0.87,0.194,12,166,2
809,10642,2,1,3,12,0,6,0,3,0.52,0.5,0.94,0.2239,61,122,2
810,16983,4,1,12,9,0,6,0,1,0.26,0.2727,0.75,0.1045,17,203,3
811,9839,1,1,2,21,0,0,0,3,0.26,0.2576,0.65,0.1642,3,33,1
812,13922,3,1,8,6,0,3,1,2,0.7,0.6667,0.84,0.1642,4,169,2
813,10327,1,1,3,9,0,0,0,1,0.26,0.2576,0.6,0.2239,20,70,1
814,10608,2,1,3,2,0,5,1,1,0.54,0.5152,0.88,0.0896,12,20,1
815,16147,4,1,11,12,0,6,0,1,0.48,0.4697,0.48,0,258,348,4
816,2737,2,0,4,22,0,4,1,1,0.54,0.5152,0.45,0.1642,34,119,2
817,12169,2,1,5,5,0,0,0,1,0.62,0.5758,0.83,0.194,2,5,0
818,13789,3,1,8,17,0,4,1,1,0.82,0.7727,0.52,0.2537,90,775,4
819,6728,4,0,10,21,0,3,1,3,0.54,0.5152,1,0.1045,9,74,1
820,2552,2,0,4,5,0,4,1,2,0.42,0.4242,0.54,0.5522,0,14,0
821,12856,3,1,6,20,0,0,0,1,0.78,0.697,0.46,0.2537,108,224,4
822,14839,3,1,9,11,0,6,0,1,0.64,0.6212,0.38,0.3881,228,399,4
823,813,1,0,2,7,0,0,0,1,0.24,0.2424,0.65,0.1642,0,8,0
824,17261,1,1,12,1,0,4,1,3,0.24,0.197,0.93,0.4478,0,5,0
825,8778,1,1,1,13,0,5,1,1,0.4,0.4091,0.43,0.2836,16,188,3
826,14263,3,1,8,11,0,3,1,1,0.72,0.6667,0.58,0.0896,71,196,3
827,2324,2,0,4,17,0,1,1,1,0.74,0.6667,0.48,0.5224,100,352,4
828,5710,3,0,8,8,0,3,1,1,0.62,0.6061,0.69,0,27,440,4
829,2695,2,0,4,4,0,3,1,1,0.56,0.5303,0.94,0.2239,0,6,0
830,160,1,0,1,22,0,5,1,2,0.18,0.197,0.43,0.1642,2,34,1
831,2566,2,0,4,19,0,4,1,1,0.46,0.4545,0.28,0.2836,52,272,4
832,3475,2,0,5,16,0,0,0,1,0.74,0.697,0.7,0.2836,194,167,4
833,3042,2,0,5,15,0,3,1,1,0.64,0.6212,0.41,0,48,131,2
834,1605,1,0,3,8,0,6,0,1,0.26,0.2576,0.65,0.1642,9,44,1
835,4754,3,0,7,23,0,4,1,1,0.8,0.8182,0.71,0.1642,40,73,2
836,16318,4,1,11,15,0,6,0,1,0.42,0.4242,0.35,0.2985,175,374,4
837,16923,4,1,12,21,0,3,1,2,0.3,0.2879,0.52,0.2537,16,186,3
838,11497,2,1,4,5,0,0,0,1,0.34,0.3636,0.87,0,0,6,0
839,14512,3,1,9,20,0,6,0,3,0.76,0.7273,0.67,0.2537,67,140,3
840,4331,3,0,7,8,1,1,0,1,0.7,0.6667,0.74,0.1045,42,44,1
841,16392,4,1,11,17,0,2,1,2,0.4,0.4091,0.71,0.1642,37,553,4
842,5746,3,0,9,20,0,4,1,1,0.66,0.6212,0.61,0.2239,33,247,3
843,13470,3,1,7,10,0,5,1,2,0.7,0.6667,0.79,0.1642,51,182,3
844,1187,1,0,2,11,0,2,1,1,0.16,0.2273,0.64,0,7,43,1
845,1746,1,0,3,10,0,5,1,1,0.52,0.5,0.53,0.2836,43,74,2
846,5610,3,0,8,15,0,5,1,2,0.8,0.7727,0.59,0.194,53,196,3
847,6426,4,0,9,7,0,5,1,1,0.52,0.5,0.83,0.2239,14,283,3
848,16643,4,1,12,5,0,6,0,1,0.24,0.2576,0.87,0.0896,1,12,0
849,4645,3,0,7,10,0,0,0,1,0.74,0.6818,0.6,0.2239,127,177,3
850,13280,3,1,7,12,0,4,1,1,0.78,0.6818,0.35,0.1343,71,221,3
851,15908,4,1,10,12,0,3,1,1,0.4,0.4091,0.58,0.194,44,197,3
852,1989,2,0,3,17,0,1,1,1,0.34,0.303,0.23,0.2985,25,227,3
853,8405,1,0,12,20,0,3,1,2,0.5,0.4848,0.94,0.3582,5,162,2
854,6350,4,0,9,3,0,2,1,2,0.62,0.5455,0.94,0,5,5,0
855,495,1,0,1,16,0,6,0,1,0.12,0.1364,0.28,0.194,11,72,1
856,4518,3,0,7,3,0,2,1,2,0.7,0.6667,0.79,0,2,6,0
857,7130,4,0,10,16,0,6,0,3,0.22,0.197,0.93,0.3284,3,19,0
858,13208,3,1,7,12,0,1,1,2,0.74,0.6818,0.58,0.1343,61,205,3
859,9030,1,1,1,2,0,2,1,3,0.28,0.2727,0.75,0.2537,0,12,0
860,8423,1,0,12,14,0,4,1,2,0.46,0.4545,0.63,0,23,136,2
861,16827,4,1,12,21,0,6,0,2,0.36,0.3788,1,0,34,175,3
862,292,1,0,1,14,0,4,1,1,0.22,0.197,0.41,0.3881,3,39,1
863,9736,1,1,2,14,0,3,1,1,0.42,0.4242,0.41,0.3582,6,128,2
864,4363,3,0,7,16,0,2,1,1,0.82,0.7576,0.46,0.1045,79,202,3
865,7788,4,0,11,2,0,6,0,1,0.3,0.3182,0.81,0.1045,3,20,0
866,1877,2,0,3,23,0,3,1,3,0.32,0.3333,0.9,0,2,24,0
867,1576,1,0,3,2,0,5,1,3,0.34,0.3485,1,0.1045,2,3,0
868,9659,1,1,2,9,0,0,0,1,0.1,0.0909,0.49,0.2985,3,60,1
869,15311,4,1,10,3,0,5,1,1,0.54,0.5152,0.73,0,5,11,0
870,9097,1,1,1,22,0,4,1,2,0.26,0.2273,0.44,0.4179,0,90,1
871,17376,1,1,12,20,0,1,1,2,0.26,0.2576,0.6,0.1642,8,81,1
872,749,1,0,2,14,0,4,1,1,0.22,0.197,0.37,0.3881,4,43,1
873,6802,4,0,10,23,0,6,0,1,0.48,0.4697,0.41,0.1642,33,102,2
874,11480,2,1,4,12,0,6,0,2,0.38,0.3939,0.43,0,105,276,4
875,452,1,0,1,20,0,4,1,2,0.26,0.2424,0.6,0.2836,2,124,2
876,5779,3,0,9,5,0,6,0,1,0.62,0.6061,0.69,0.194,3,9,0
877,14313,3,1,8,13,0,5,1,2,0.8,0.7121,0.41,0.1045,79,272,4
878,2894,2,0,5,11,0,4,1,1,0.52,0.5,0.36,0.4478,43,105,2
879,107,1,0,1,15,0,3,1,1,0.3,0.2879,0.28,0.194,7,55,1
880,4459,3,0,7,16,0,6,0,1,0.82,0.7273,0.38,0,171,245,4
881,16791,4,1,12,9,0,5,1,2,0.3,0.303,0.81,0.1343,10,291,3
882,14747,3,1,9,15,0,2,1,1,0.7,0.6364,0.28,0.1045,73,253,4
883,9970,1,1,2,10,0,6,0,1,0.26,0.2273,0.6,0.3582,24,159,2
884,15975,4,1,11,7,0,6,0,2,0.32,0.303,0.49,0.2537,1,58,1
885,16920,4,1,12,18,0,3,1,2,0.32,0.303,0.49,0.2239,25,515,4
886,433,1,0,1,1,0,4,1,1,0.26,0.2727,0.56,0,2,3,0
887,297,1,0,1,19,0,4,1,1,0.16,0.1515,0.47,0.2537,1,98,2
888,7909,4,0,12,4,0,4,1,1,0.26,0.2424,0.56,0.2836,0,1,0
889,7665,4,0,11,23,0,0,0,3,0.46,0.4545,0.88,0.0896,3,25,1
890,11274,2,1,4,22,0,4,1,1,0.52,0.5,0.59,0.194,29,219,3
891,13820,3,1,8,0,0,6,0,1,0.74,0.7121,0.79,0.1642,24,137,2
892,3089,2,0,5,14,0,5,1,2,0.52,0.5,0.87,0.2836,70,120,3
893,1206,1,0,2,7,0,3,1,1,0.12,0.1515,0.54,0.1343,2,94,1
894,13491,3,1,7,7,0,6,0,2,0.58,0.5455,0.88,0.2537,8,29,1
895,10614,2,1,3,8,0,5,1,2,0.5,0.4848,0.94,0.1343,47,615,4
896,17157,1,1,12,15,0,6,0,1,0.32,0.2727,0.33,0.5821,14,139,2
897,5200,3,0,8,13,0,2,1,1,0.84,0.7879,0.49,0.1642,48,127,2
898,12046,2,1,5,2,0,2,1,2,0.58,0.5455,0.83,0.1045,1,10,0
899,3043,2,0,5,16,0,3,1,1,0.66,0.6212,0.39,0,49,240,3
900,7155,4,0,10,17,0,0,0,1,0.4,0.4091,0.35,0.1045,54,191,3
901,11285,2,1,4,9,0,5,1,1,0.46,0.4545,0.88,0.0896,30,329,4
902,15954,4,1,11,10,0,5,1,1,0.38,0.3939,0.46,0.2985,21,183,3
903,3581,2,0,6,2,0,5,1,1,0.56,0.5303,0.43,0.2239,0,12,0
904,2215,2,0,4,3,0,4,1,1,0.36,0.3485,0.66,0.194,0,3,0
905,14219,3,1,8,15,0,1,1,1,0.72,0.6667,0.54,0.2537,102,207,3
906,8626,1,0,12,4,0,6,0,1,0.38,0.3939,0.71,0.2239,1,9,0
907,1006,1,0,2,13,0,1,1,1,0.58,0.5455,0.19,0.3881,27,93,2
908,3526,2,0,5,19,0,2,1,1,0.78,0.7424,0.62,0.1045,39,246,3
909,812,1,0,2,6,0,0,0,1,0.26,0.2576,0.6,0.2239,0,1,0
910,11220,2,1,4,16,0,2,1,1,0.68,0.6212,0.22,0.3582,50,320,4
911,3224,2,0,5,5,0,4,1,1,0.48,0.4697,0.94,0,2,24,0
912,2966,2,0,5,11,0,0,0,1,0.58,0.5455,0.49,0.0896,142,198,4
913,1388,1,0,3,2,0,4,1,1,0.2,0.1667,0.27,0.4627,1,2,0
914,10354,1,1,3,12,0,1,1,1,0.48,0.4697,0.39,0.2239,59,162,3
915,10670,2,1,3,16,0,0,0,1,0.48,0.4697,0.77,0,153,339,4
916,9202,1,1,1,7,0,2,1,2,0.32,0.3333,0.93,0.1343,11,221,3
917,11545,2,1,5,5,0,2,1,2,0.52,0.5,0.72,0.0896,0,17,0
918,6528,4,0,10,13,0,2,1,1,0.56,0.5303,0.56,0.2985,20,153,2
919,6993,4,0,10,23,0,0,0,1,0.42,0.4242,0.77,0.1642,18,31,1
920,1163,1,0,2,5,1,1,0,2,0.34,0.3636,0.36,0,1,2,0
921,17072,4,1,12,2,0,3,1,1,0.28,0.303,0.65,0.0896,1,2,0
922,410,1,0,1,1,0,3,1,3,0.22,0.2273,0.93,0.1343,1,6,0
923,384,1,0,1,11,1,1,0,2,0.16,0.1515,0.55,0.194,9,55,1
924,10762,2,1,3,12,0,4,1,1,0.5,0.4848,0.42,0.4925,64,228,3
925,32,1,0,1,8,0,0,0,3,0.4,0.4091,0.71,0.2239,0,8,0
926,16940,4,1,12,14,0,4,1,1,0.36,0.3485,0.34,0.1642,31,211,3
927,8682,1,1,1,13,1,1,0,1,0.3,0.2727,0.36,0.2985,26,150,2
928,10424,1,1,3,10,0,4,1,1,0.52,0.5,0.68,0.1045,34,130,2
929,11996,2,1,5,0,0,0,0,1,0.58,0.5455,0.53,0.1045,42,128,2
930,12600,2,1,6,4,0,4,1,2,0.6,0.6212,0.56,0.2537,0,6,0
931,10504,1,1,3,18,0,0,0,1,0.56,0.5303,0.64,0.1642,165,294,4
932,8991,1,1,1,11,0,0,0,1,0.16,0.1515,0.47,0.2239,21,144,2
933,8952,1,1,1,20,0,5,1,1,0.24,0.2424,0.41,0.1642,6,130,2
934,11568,2,1,5,4,0,3,1,1,0.54,0.5152,0.88,0,2,2,0
935,9331,1,1,1,16,0,0,0,1,0.36,0.3333,0.21,0.4179,54,268,4
936,9473,1,1,2,14,0,6,0,2,0.32,0.303,0.66,0.2239,47,229,3
937,3395,2,0,5,8,0,4,1,2,0.66,0.6061,0.83,0.1642,31,458,4
938,7358,4,0,11,4,0,2,1,1,0.3,0.3333,0.87,0,0,4,0
939,12484,2,1,6,8,0,6,0,1,0.62,0.6061,0.61,0.1045,42,202,3
940,2598,2,0,4,3,0,6,0,3,0.32,0.3333,1,0.0896,0,4,0
941,10494,1,1,3,8,0,0,0,2,0.42,0.4242,0.88,0.1045,25,71,1
942,10783,2,1,3,9,0,5,1,1,0.34,0.3333,0.57,0.1642,29,292,3
943,13309,3,1,7,17,0,5,1,2,0.8,0.7121,0.36,0.1642,138,697,4
944,8115,4,0,12,18,0,5,1,1,0.34,0.3636,0.61,0,10,308,3
945,6094,3,0,9,11,0,5,1,2,0.5,0.4848,0.51,0.1343,40,139,2
946,12115,2,1,5,23,0,4,1,2,0.64,0.5909,0.78,0.1343,36,131,2
947,9713,1,1,2,15,0,2,1,2,0.42,0.4242,0.38,0.4478,7,138,2
948,16965,4,1,12,15,0,5,1,1,0.4,0.4091,0.47,0.1642,57,252,3
949,3471,2,0,5,12,0,0,0,2,0.7,0.6667,0.74,0.2239,216,186,4
950,640,1,0,1,22,0,6,0,1,0.16,0.197,0.8,0.0896,4,28,1
951,16192,4,1,11,9,1,1,0,1,0.44,0.4394,0.88,0.1045,60,337,4
952,10729,2,1,3,3,0,3,1,1,0.34,0.303,0.42,0.3284,1,4,0
953,3659,2,0,6,8,0,1,1,1,0.64,0.6061,0.73,0.0896,28,410,4
954,16635,4,1,11,21,0,5,1,1,0.3,0.3182,0.75,0.0896,14,169,2
955,2365,2,0,4,10,0,3,1,2,0.4,0.4091,0.87,0.194,4,42,1
956,8232,4,0,12,15,0,3,1,2,0.38,0.3939,0.54,0.1045,24,143,2
957,16387,4,1,11,12,0,2,1,2,0.42,0.4242,0.67,0,70,243,3
958,4946,3,0,7,23,0,5,1,1,0.78,0.7121,0.52,0.1045,26,90,2
959,12472,2,1,6,20,0,5,1,1,0.72,0.6515,0.32,0.1343,117,291,4
960,11760,2,1,5,4,0,4,1,1,0.46,0.4545,0.77,0.194,0,2,0
961,944,1,0,2,22,0,5,1,1,0.2,0.2273,0.64,0.0896,2,41,1
962,14301,3,1,8,1,0,5,1,2,0.64,0.6061,0.73,0,5,37,1
963,10807,2,1,3,9,0,6,0,2,0.4,0.4091,0.76,0.194,62,161,3
964,3586,2,0,6,7,0,5,1,1,0.54,0.5152,0.45,0.2537,25,252,3
965,4779,3,0,7,0,0,6,0,1,0.82,0.7879,0.56,0,16,85,2
966,2133,2,0,4,17,0,0,0,2,0.46,0.4545,0.28,0.1343,148,126,3
967,16005,4,1,11,13,0,0,0,1,0.4,0.4091,0.43,0.2239,122,371,4
968,5635,3,0,8,16,0,6,0,3,0.64,0.5758,0.89,0.5224,10,14,0
969,10410,1,1,3,20,0,3,1,1,0.62,0.6212,0.35,0.1045,44,286,4
970,8086,4,0,12,13,0,4,1,1,0.3,0.2727,0.49,0.3582,9,115,2
971,1404,1,0,3,18,0,4,1,1,0.24,0.2121,0.35,0.3284,6,161,2
972,10981,2,1,4,16,0,6,0,1,0.54,0.5152,0.19,0.3881,354,261,4
973,8174,4,0,12,5,0,1,1,1,0.16,0.2273,0.8,0,0,21,0
974,14225,3,1,8,21,0,1,1,1,0.6,0.5606,0.83,0,26,219,3
975,6926,4,0,10,4,0,5,1,1,0.36,0.3485,0.71,0.1642,0,6,0
976,13011,3,1,7,7,0,0,0,1,0.74,0.697,0.7,0,13,37,1
977,883,1,0,2,6,0,3,1,1,0.06,0.1515,0.45,0,0,43,1
978,6080,3,0,9,21,0,4,1,1,0.46,0.4545,0.63,0.3284,11,134,2
979,16955,4,1,12,5,0,5,1,1,0.2,0.2273,0.69,0.1045,0,34,1
980,9992,1,1,2,8,0,0,0,1,0.2,0.197,0.51,0.2537,2,57,1
981,1754,1,0,3,18,0,5,1,1,0.68,0.6364,0.39,0.1642,84,247,4
982,10631,2,1,3,1,0,6,0,1,0.56,0.5303,0.73,0.0896,20,108,2
983,8456,1,0,12,23,0,5,1,1,0.32,0.3333,0.66,0.1343,4,21,0
984,3038,2,0,5,11,0,3,1,1,0.56,0.5303,0.64,0.0896,18,123,2
985,5489,3,0,8,14,0,0,0,3,0.7,0.6667,0.79,0.3881,78,157,3
986,1890,2,0,3,12,0,4,1,2,0.3,0.2727,0.7,0.3284,12,82,1
987,5290,3,0,8,7,0,6,0,2,0.66,0.6212,0.74,0.194,10,34,1
988,16249,4,1,11,18,0,3,1,1,0.32,0.3182,0.53,0.1642,24,543,4
989,3812,2,0,6,17,0,0,0,3,0.68,0.6364,0.83,0.2836,94,158,3
990,15459,4,1,10,7,0,4,1,1,0.36,0.3333,0.5,0.2537,11,467,4
991,9370,1,1,1,7,0,2,1,1,0.26,0.2576,0.6,0.194,6,273,3
992,9680,1,1,2,6,0,1,1,1,0.1,0.1061,0.54,0.2239,1,71,1
993,5087,3,0,8,20,0,4,1,2,0.7,0.6667,0.74,0.194,41,245,3
994,15410,4,1,10,6,0,2,1,2,0.38,0.3939,0.82,0.2537,2,141,2
995,11329,2,1,4,5,0,0,0,2,0.44,0.4394,0.77,0.2239,0,6,0
996,8602,1,0,12,4,0,5,1,1,0.24,0.2576,0.7,0.0896,0,2,0
997,17100,4,1,12,6,0,4,1,2,0.3,0.3333,0.65,0,4,114,2
998,11001,2,1,4,12,0,0,0,1,0.54,0.5152,0.24,0.2537,198,259,4
999,4849,3,0,7,22,0,1,1,1,0.7,0.6667,0.84,0,13,112,2
