,Unnamed: 0,x1,x2,x3,x4,x5,x6,x7,x8,x9,y
0,29733,0.31,3,3,5,60.5,58.0,4.39,4.43,2.67,0
1,41806,0.44,2,1,4,62.2,58.0,4.8,4.85,3.0,2
2,22349,1.21,3,1,4,62.4,57.0,6.75,6.83,4.24,6
3,53899,0.71,3,0,2,60.5,59.0,5.81,5.79,3.51,3
4,42361,0.41,3,0,5,62.3,55.0,4.76,4.77,2.97,2
5,43697,0.57,3,1,2,61.5,56.0,5.32,5.35,3.28,2
6,44019,0.32,3,6,3,62.1,54.0,4.38,4.44,2.74,0
7,6157,1.01,3,3,1,60.6,59.0,6.49,6.41,3.91,4
8,14484,1.01,3,0,2,62.0,57.0,6.37,6.44,3.97,5
9,52102,0.73,3,5,3,61.7,55.0,5.79,5.82,3.58,3
10,1368,0.72,3,3,3,61.3,56.0,5.77,5.81,3.55,3
11,23275,1.71,3,3,1,60.9,58.0,7.68,7.72,4.69,6
12,10612,1.03,1,5,3,60.0,62.0,6.51,6.55,3.92,4
13,26887,2.01,3,5,3,59.2,62.0,8.17,8.14,4.83,6
14,13621,1.05,3,2,2,61.8,56.0,6.55,6.45,4.02,5
15,43299,0.3,2,6,4,63.4,57.0,4.26,4.23,2.69,0
16,48360,0.23,3,3,7,61.8,56.0,3.92,3.94,2.43,0
17,41539,0.58,2,1,1,63.1,58.0,5.29,5.32,3.35,2
18,27287,2.02,2,2,2,60.1,60.0,8.21,8.29,4.96,6
19,52178,0.76,3,2,1,61.8,58.0,5.83,5.88,3.62,3
20,4915,0.73,3,1,5,62.0,57.0,5.79,5.73,3.57,4
21,1868,0.9,1,3,1,63.6,57.0,6.1,6.04,3.86,3
22,740,0.73,3,1,3,62.0,57.0,5.86,5.76,3.6,3
23,22914,1.26,3,3,6,62.1,57.0,7.01,6.91,4.32,6
24,1751,0.32,3,3,3,62.5,60.0,4.32,4.38,2.72,0
25,3036,0.9,2,3,1,59.2,57.0,6.3,6.36,3.75,4
26,32922,0.4,3,6,4,63.0,58.0,4.7,4.66,2.95,1
27,18288,1.17,3,3,3,62.0,56.0,6.71,6.74,4.17,5
28,52499,0.71,3,0,1,60.4,56.0,5.79,5.83,3.51,3
29,53855,0.71,2,1,2,61.3,59.0,5.69,5.73,3.5,3
30,12055,1.0,3,2,2,59.8,59.0,6.55,6.49,3.9,5
31,4076,1.0,3,6,2,61.9,62.0,6.36,6.33,3.93,4
32,46353,0.3,2,4,4,60.4,61.0,4.3,4.34,2.61,0
33,30583,0.31,3,0,3,62.7,57.0,4.3,4.34,2.71,1
34,6219,0.97,3,2,1,61.9,58.0,6.35,6.31,3.92,4
35,7417,0.9,1,3,4,63.9,57.0,6.08,6.03,3.87,4
36,47995,0.55,3,0,4,61.5,56.0,5.26,5.28,3.24,3
37,3101,0.76,3,4,6,60.7,58.0,5.9,5.93,3.59,4
38,52505,0.76,2,4,3,63.4,58.0,5.78,5.74,3.65,3
39,51314,0.72,3,4,2,61.7,54.0,5.77,5.81,3.57,3
40,9932,1.01,3,5,3,59.9,61.0,6.49,6.53,3.9,4
41,20621,1.54,2,2,1,61.1,58.0,7.36,7.47,4.53,6
42,488,0.83,3,4,2,62.5,55.0,6.04,6.0,3.76,3
43,36396,0.41,2,0,3,61.7,54.0,4.77,4.82,2.96,1
44,24840,2.1,3,5,2,61.7,55.0,8.21,8.13,5.04,6
45,27206,1.65,2,2,4,62.8,56.0,7.52,7.57,4.74,6
46,35402,0.38,3,4,3,60.6,58.0,4.7,4.68,2.84,1
47,542,0.7,1,1,2,61.4,64.0,5.71,5.66,3.49,3
48,5420,0.34,3,3,1,62.8,59.0,4.47,4.45,2.8,0
49,32651,0.3,1,3,3,63.5,58.0,4.24,4.29,2.71,0
50,12796,1.0,3,3,3,60.8,60.0,6.39,6.33,3.87,5
51,33271,0.4,1,4,5,59.1,61.0,4.79,4.82,2.84,1
52,47760,0.52,3,1,3,61.7,56.0,5.16,5.21,3.2,3
53,53325,0.3,3,0,2,62.1,54.0,4.31,4.35,2.69,0
54,9457,1.01,2,3,2,59.6,61.0,6.47,6.52,3.87,4
55,13222,1.12,3,3,2,62.0,55.0,6.65,6.68,4.13,5
56,3002,0.8,3,1,2,61.5,58.0,5.97,5.93,3.66,4
57,32855,0.34,3,0,3,61.4,56.0,4.5,4.53,2.77,1
58,5078,0.3,3,2,3,60.5,58.0,4.3,4.36,2.62,0
59,18483,1.27,3,4,3,60.0,61.0,7.03,6.99,4.26,5
60,40704,0.31,3,2,7,60.2,57.0,4.38,4.44,2.65,2
61,1334,0.79,3,2,3,63.0,59.0,5.84,5.8,3.66,3
62,50117,0.51,3,2,5,61.2,56.0,5.19,5.17,3.17,3
63,51822,0.7,3,3,2,61.9,56.0,5.66,5.71,3.52,3
64,32075,0.3,3,1,5,62.2,54.4,4.3,4.32,2.68,1
65,13887,1.2,2,1,1,63.3,55.0,6.77,6.73,4.27,5
66,14653,1.16,3,0,1,62.1,54.0,6.79,6.74,4.2,5
67,12325,1.23,2,6,3,62.9,58.0,6.75,6.83,4.27,5
68,13664,1.01,3,3,2,62.6,56.0,6.41,6.44,4.02,5
69,6871,1.01,1,5,3,62.8,59.0,6.34,6.4,4.0,4
70,49974,0.58,1,1,4,58.6,64.0,5.4,5.46,3.18,3
71,47866,0.73,3,6,2,58.2,59.0,5.99,5.91,3.46,3
72,2906,0.7,2,3,6,62.8,56.0,5.63,5.67,3.55,4
73,33996,0.23,2,1,6,62.2,59.0,3.92,3.96,2.45,0
74,7223,1.15,3,4,1,62.2,57.0,6.68,6.63,4.14,4
75,12064,1.0,3,3,2,60.5,61.0,6.51,6.45,3.92,5
76,37616,0.32,3,2,6,61.8,56.0,4.45,4.42,2.74,1
77,14342,1.22,3,2,1,62.5,57.0,6.78,6.73,4.22,5
78,41491,0.38,3,2,7,62.2,54.0,4.68,4.71,2.92,2
79,9567,1.01,3,6,3,61.3,56.0,6.46,6.5,3.97,4
80,45041,0.57,3,2,3,59.2,57.0,5.45,5.5,3.24,2
81,41473,0.42,3,2,4,61.6,55.0,4.84,4.87,2.99,2
82,27069,0.32,2,3,4,62.1,55.0,4.41,4.44,2.75,0
83,13154,1.21,3,3,1,60.3,58.0,6.9,6.96,4.18,5
84,7689,0.9,2,3,3,60.9,59.0,6.18,6.24,3.78,4
85,13516,1.08,3,2,2,62.7,57.0,6.53,6.57,4.11,5
86,47574,0.57,2,2,4,60.3,58.0,5.36,5.39,3.24,3
87,26946,2.63,3,6,1,62.1,57.0,8.83,8.88,5.5,6
88,11252,1.23,2,6,3,62.8,59.0,6.75,6.82,4.26,5
89,28600,0.3,3,4,4,60.4,61.0,4.31,4.27,2.59,0
90,10977,1.01,1,2,2,63.3,59.0,6.38,6.42,4.05,5
91,24325,1.51,3,1,2,61.5,58.0,7.33,7.38,4.52,6
92,43416,0.55,3,2,2,60.2,58.0,5.31,5.35,3.21,2
93,19371,1.16,3,0,3,62.1,57.0,6.7,6.73,4.17,6
94,27024,1.7,2,3,5,61.5,60.0,7.59,7.64,4.68,6
95,42545,0.53,2,2,2,62.5,57.0,5.19,5.24,3.26,2
96,50278,0.58,3,4,7,60.2,56.0,5.43,5.46,3.28,3
97,23428,0.36,3,1,2,62.4,55.0,4.55,4.58,2.85,0
98,13458,1.2,3,5,2,61.1,58.0,6.88,6.8,4.18,5
99,25960,2.0,2,6,5,63.0,59.0,7.97,8.0,5.03,6
100,47970,0.56,3,1,3,61.4,61.0,5.31,5.28,3.25,3
101,6709,0.94,3,1,1,62.4,58.0,6.26,6.33,3.93,4
102,12483,1.17,3,6,4,62.5,57.0,6.68,6.63,4.16,5
103,38848,0.31,3,3,6,61.9,55.0,4.36,4.3,2.68,1
104,7980,1.02,2,2,1,63.0,58.0,6.37,6.43,4.03,4
105,12872,1.2,2,4,1,62.0,58.0,6.73,6.79,4.19,5
106,39041,0.42,3,3,4,61.0,56.0,4.86,4.82,2.95,2
107,25093,2.41,3,5,1,60.7,59.0,8.7,8.64,5.26,6
108,20941,1.06,3,2,5,62.1,57.0,6.54,6.5,4.05,6
109,17360,1.28,3,4,2,62.3,58.0,7.0,6.94,4.34,5
110,11750,0.34,3,1,2,61.4,55.0,4.48,4.54,2.77,0
111,47575,0.63,3,3,3,61.5,57.0,5.54,5.51,3.4,3
112,43316,0.3,2,3,1,63.3,57.0,4.28,4.25,2.7,0
113,37951,0.41,3,0,3,62.4,60.0,4.71,4.75,2.95,1
114,16370,1.01,3,2,3,59.3,62.0,6.48,6.44,3.83,5
115,53641,0.7,3,2,2,61.3,57.0,5.75,5.71,3.51,3
116,27049,2.0,3,3,1,60.4,61.0,8.21,8.12,4.93,6
117,35773,0.3,3,0,3,60.6,59.0,4.36,4.28,2.62,1
118,34689,0.31,3,1,3,61.4,54.0,4.4,4.33,2.68,1
119,41754,0.47,1,2,4,59.0,60.2,5.04,5.09,2.99,2
120,38886,0.4,3,5,7,62.2,56.0,4.75,4.71,2.94,2
121,40685,0.5,2,1,1,62.4,57.0,5.03,5.07,3.15,2
122,50041,0.74,0,4,4,66.3,63.0,5.63,5.5,3.69,3
123,46106,0.56,1,1,3,61.4,62.0,5.34,5.28,3.26,2
124,42300,0.32,3,2,6,60.7,58.0,4.43,4.4,2.68,2
125,41113,0.41,3,2,5,60.4,58.0,4.84,4.8,2.91,2
126,45952,0.53,3,1,3,60.0,57.0,5.24,5.3,3.16,2
127,47677,0.51,3,0,3,61.9,55.0,5.13,5.11,3.17,3
128,23449,1.28,3,3,7,62.0,55.6,6.94,6.96,4.31,6
129,31168,0.3,2,1,4,61.7,56.0,4.3,4.33,2.66,1
130,9206,1.27,1,6,1,66.0,59.0,6.71,6.75,4.44,4
131,3418,0.31,3,5,2,62.7,56.0,4.3,4.34,2.71,0
132,20393,1.01,1,1,5,63.3,58.0,6.31,6.39,4.02,6
133,25333,1.58,3,4,4,60.4,57.0,7.55,7.65,4.59,6
134,52342,0.23,3,2,4,61.1,56.0,3.97,3.99,2.43,0
135,16977,1.47,2,6,3,62.5,59.0,7.18,7.23,4.5,5
136,16829,1.04,3,2,3,62.1,57.0,6.48,6.53,4.04,5
137,8054,1.19,2,6,1,63.4,56.8,6.7,6.79,4.27,4
138,42630,0.5,2,1,2,60.9,58.0,5.1,5.14,3.12,2
139,34842,0.31,3,0,4,62.0,54.0,4.36,4.35,2.7,1
140,47753,0.51,1,3,5,57.6,56.0,5.27,5.35,3.06,3
141,47497,0.53,3,0,3,61.5,56.0,5.17,5.23,3.2,2
142,53072,0.71,2,3,2,62.8,55.0,5.68,5.73,3.58,3
143,30378,0.5,0,3,0,64.9,57.0,5.01,4.97,3.24,1
144,8667,1.03,2,2,1,62.2,56.0,6.51,6.48,4.04,4
145,44163,0.5,3,1,3,62.6,58.0,5.07,5.12,3.19,2
146,30721,0.4,2,2,2,62.2,57.0,4.67,4.72,2.92,1
147,42137,0.44,3,1,5,60.9,57.0,4.9,4.95,3.0,2
148,22782,1.3,3,3,5,60.2,58.0,7.17,7.08,4.29,6
149,25818,2.06,0,6,4,64.6,58.0,7.91,8.04,5.15,6
150,46420,0.54,3,0,3,60.9,56.0,5.3,5.27,3.22,2
151,16619,1.1,3,2,2,61.6,54.0,6.66,6.69,4.11,5
152,38703,0.33,3,3,6,62.3,55.0,4.44,4.42,2.76,1
153,43992,0.31,2,2,2,60.7,58.0,4.35,4.38,2.65,0
154,21313,1.77,3,6,3,59.6,58.0,7.94,7.86,4.71,6
155,16873,1.3,3,5,3,61.7,56.0,7.07,7.02,4.35,5
156,36407,0.4,3,1,4,61.2,55.0,4.76,4.79,2.92,1
157,16966,1.01,3,3,4,60.9,58.0,6.43,6.47,3.93,5
158,35866,0.4,2,0,3,64.4,52.0,4.63,4.68,3.0,1
159,41255,0.7,3,3,0,62.3,56.0,5.66,5.61,3.51,2
160,40356,0.5,3,2,1,59.9,60.0,5.22,5.16,3.11,2
161,10911,1.28,1,6,2,63.4,59.0,6.84,6.89,4.35,5
162,19311,1.34,3,4,3,60.8,55.0,7.18,7.12,4.35,6
163,7698,1.01,3,3,1,60.1,60.0,6.48,6.44,3.88,4
164,43979,0.32,3,4,4,61.8,53.0,4.41,4.43,2.73,0
165,15210,1.01,3,2,3,59.9,61.0,6.5,6.46,3.88,5
166,13252,1.0,3,1,2,61.9,56.0,6.37,6.45,3.97,5
167,47782,0.54,3,0,3,61.1,56.0,5.25,5.29,3.22,3
168,31337,0.32,3,0,3,61.9,57.0,4.37,4.39,2.71,1
169,45242,0.51,2,3,4,62.7,56.0,5.08,5.13,3.2,2
170,13830,1.01,2,0,2,63.3,57.0,6.33,6.37,4.02,5
171,23430,0.4,3,6,4,62.6,55.0,4.71,4.75,2.96,0
172,5243,1.04,3,3,2,60.3,58.0,6.6,6.55,3.96,4
173,10087,0.31,2,5,2,62.3,58.0,4.35,4.38,2.72,0
174,41412,0.51,1,2,2,63.6,56.0,5.08,5.11,3.24,2
175,15040,1.0,3,1,3,62.0,55.0,6.42,6.38,3.97,5
176,30733,0.4,3,1,2,62.7,57.0,4.69,4.72,2.95,1
177,32115,0.33,3,0,3,62.1,54.0,4.43,4.46,2.76,1
178,40429,0.53,3,3,1,59.9,57.0,5.25,5.3,3.16,2
179,3338,0.9,2,2,1,63.0,56.0,6.09,6.16,3.86,4
180,46266,0.5,3,0,3,62.5,54.0,5.05,5.09,3.17,2
181,8298,0.9,2,2,2,61.4,58.0,6.18,6.23,3.81,4
182,29813,0.3,3,5,6,62.3,55.0,4.29,4.28,2.67,0
183,10305,1.01,3,0,2,62.8,58.0,6.37,6.3,3.98,4
184,30041,0.43,3,4,2,62.3,56.0,4.83,4.86,3.02,0
185,20658,1.23,3,3,4,61.3,58.0,6.89,6.87,4.22,6
186,5248,0.9,3,0,1,59.8,61.0,6.21,6.17,3.7,4
187,46272,0.58,3,1,3,62.0,57.0,5.33,5.35,3.31,2
188,26222,1.51,3,3,5,62.1,58.0,7.34,7.31,4.54,6
189,5849,0.91,3,1,2,61.5,60.0,6.19,6.24,3.82,4
190,35416,0.41,3,3,4,61.5,56.0,4.77,4.79,2.94,1
191,12572,1.02,3,0,2,62.3,56.0,6.49,6.45,4.03,5
192,15874,1.01,3,1,3,62.9,58.0,6.47,6.37,4.04,5
193,31968,0.3,3,2,3,62.0,54.0,4.34,4.31,2.68,1
194,27438,2.08,3,6,7,61.0,55.0,8.32,8.25,5.05,6
195,24913,1.51,3,3,4,61.1,58.0,7.38,7.36,4.5,6
196,47643,0.51,3,4,7,62.0,54.0,5.14,5.18,3.2,3
197,34725,0.3,3,2,7,61.8,55.0,4.31,4.33,2.67,1
198,16008,1.13,3,2,2,59.6,57.0,6.83,6.79,4.06,5
199,13717,1.02,2,0,2,63.5,61.0,6.35,6.27,4.01,5
200,21464,1.5,3,5,4,62.8,57.0,7.24,7.28,4.56,6
201,24948,2.0,3,2,1,61.6,57.0,8.16,8.1,5.01,6
202,25277,2.01,1,4,1,63.1,55.0,7.99,8.09,5.07,6
203,11714,1.02,2,2,2,63.1,55.0,6.45,6.38,4.05,5
204,44128,0.57,3,4,4,61.7,54.0,5.33,5.36,3.3,2
205,5571,0.92,3,2,1,61.8,58.0,6.19,6.23,3.84,4
206,50031,0.58,3,1,4,62.9,54.0,5.34,5.31,3.35,3
207,44065,0.51,3,1,2,62.7,55.0,5.1,5.07,3.19,2
208,21090,0.31,2,3,4,62.4,59.0,4.32,4.34,2.7,0
209,45233,0.51,3,1,3,60.9,56.0,5.15,5.2,3.15,2
210,2828,0.91,2,6,3,61.0,58.0,6.22,6.3,3.82,4
211,6564,0.9,2,0,2,61.8,61.0,6.16,6.2,3.82,4
212,45582,0.51,3,0,2,60.1,60.0,5.17,5.15,3.1,2
213,7719,1.03,3,4,2,62.4,58.0,6.5,6.42,4.03,4
214,42072,0.53,1,2,2,63.8,58.0,5.12,5.17,3.28,2
215,48898,0.7,1,5,2,64.3,57.0,5.59,5.63,3.61,3
216,7488,1.14,3,3,1,62.8,58.0,6.68,6.64,4.18,4
217,29755,0.31,3,3,5,62.4,56.0,4.33,4.36,2.71,0
218,45358,0.32,3,3,3,62.0,57.0,4.37,4.41,2.72,0
219,48610,0.59,2,1,4,61.6,61.0,5.34,5.37,3.3,3
220,18199,1.2,3,1,2,60.3,57.0,6.98,6.84,4.17,5
221,34900,0.3,3,3,5,62.0,60.0,4.33,4.25,2.66,1
222,17949,1.01,1,1,4,63.4,58.0,6.36,6.38,4.04,5
223,51260,0.71,0,1,2,64.7,59.0,5.61,5.58,3.62,3
224,46349,0.3,3,5,5,61.8,58.0,4.28,4.33,2.66,0
225,44398,0.7,2,5,1,62.5,58.0,5.64,5.72,3.55,2
226,4157,0.9,2,3,1,62.4,55.0,6.13,6.17,3.84,4
227,22784,1.78,3,1,1,60.5,59.0,7.89,7.8,4.75,6
228,45182,0.5,3,2,3,61.1,60.0,5.12,5.1,3.12,2
229,16413,0.28,3,0,6,61.7,57.0,4.2,4.23,2.6,0
230,29258,0.34,3,5,7,61.3,55.0,4.52,4.55,2.78,0
231,29326,0.31,3,3,1,62.2,54.0,4.36,4.39,2.72,0
232,26378,0.32,3,4,5,61.7,56.0,4.37,4.42,2.71,0
233,18872,1.03,3,0,3,62.9,59.0,6.43,6.38,4.03,5
234,23331,1.5,3,4,3,60.0,62.0,7.41,7.38,4.44,6
235,21880,1.0,3,2,6,61.0,60.0,6.43,6.39,3.91,6
236,36753,0.41,3,1,1,61.7,58.0,4.8,4.76,2.95,1
237,10621,1.01,2,4,3,62.5,57.0,6.37,6.44,4.0,4
238,5547,0.9,0,0,1,64.6,59.0,6.04,6.01,3.89,4
239,39250,0.4,2,1,5,62.8,58.0,4.68,4.71,2.95,2
240,40167,0.41,3,2,5,60.6,58.0,4.79,4.84,2.92,2
241,44786,0.52,3,5,6,62.0,55.0,5.19,5.17,3.21,2
242,47136,0.57,2,1,3,59.5,56.0,5.45,5.47,3.25,2
243,51172,0.71,3,1,1,60.5,59.0,5.78,5.75,3.49,3
244,1949,0.71,3,4,3,61.8,55.0,5.73,5.75,3.55,3
245,19910,1.52,3,6,4,62.2,59.0,7.32,7.38,4.57,6
246,31351,0.32,3,0,3,62.1,54.0,4.4,4.46,2.75,1
247,16598,1.04,3,3,3,61.6,55.0,6.51,6.55,4.02,5
248,5447,1.0,1,4,3,63.9,57.0,6.32,6.26,4.02,4
249,8028,1.16,3,5,1,62.1,58.0,6.78,6.71,4.19,4
250,8548,1.03,0,3,2,64.7,63.0,6.36,6.31,4.1,4
251,47819,0.76,3,6,2,62.9,54.0,5.82,5.85,3.67,3
252,25337,1.5,2,1,3,61.0,55.0,7.38,7.45,4.52,6
253,27301,2.01,3,4,2,62.7,59.0,8.03,8.08,5.05,6
254,11402,1.1,2,3,2,59.4,58.0,6.72,6.79,4.01,5
255,449,0.34,3,5,4,62.0,56.0,4.5,4.53,2.8,0
256,34317,0.31,3,6,5,62.0,56.1,4.31,4.33,2.68,0
257,20153,1.51,2,2,1,62.7,60.0,7.25,7.32,4.57,6
258,19368,1.25,3,4,5,60.6,57.0,7.0,6.97,4.23,6
259,44850,0.5,3,1,3,62.2,55.0,5.07,5.09,3.16,2
260,3403,0.25,2,3,3,61.9,57.0,4.05,4.08,2.51,0
261,24386,2.02,1,2,1,57.1,60.0,8.31,8.25,4.73,6
262,52045,0.6,3,0,3,62.0,55.0,5.39,5.42,3.35,3
263,38959,0.33,3,3,7,61.9,54.0,4.46,4.42,2.75,2
264,23789,1.77,2,3,2,63.1,57.0,7.68,7.63,4.83,6
265,33682,0.38,2,3,4,61.9,56.0,4.63,4.68,2.88,1
266,26481,2.0,2,4,2,63.2,58.0,7.95,7.93,5.02,6
267,10382,1.01,3,4,3,62.4,58.0,6.42,6.36,3.99,4
268,29492,0.4,3,5,1,60.5,58.0,4.82,4.76,2.9,0
269,33421,0.41,3,3,3,62.2,57.0,4.71,4.74,2.94,1
270,43498,0.55,2,1,2,64.2,55.0,5.18,5.2,3.33,2
271,28561,0.41,3,6,4,62.2,54.5,4.75,4.76,2.96,0
272,28034,0.3,2,1,3,61.9,61.0,4.28,4.32,2.66,0
273,3597,0.72,3,4,5,61.8,55.0,5.75,5.77,3.56,4
274,48560,0.54,3,3,5,61.0,56.0,5.25,5.3,3.22,3
275,36286,0.41,3,1,3,62.5,55.0,4.74,4.77,2.97,1
276,31045,0.35,3,2,2,62.4,55.0,4.55,4.52,2.83,1
277,43955,0.31,3,5,4,61.4,55.2,4.32,4.35,2.66,0
278,26922,2.09,2,2,1,62.7,61.0,8.07,8.14,5.08,6
279,612,0.7,3,2,2,60.7,57.0,5.73,5.75,3.49,3
280,16866,1.22,1,5,4,59.2,61.0,7.01,6.95,4.13,5
281,51286,0.7,1,4,5,64.3,60.0,5.59,5.55,3.58,3
282,20705,1.33,2,3,3,61.7,59.0,7.04,7.09,4.36,6
283,18067,1.02,1,3,5,62.3,60.0,6.38,6.49,4.01,5
284,3561,0.71,2,0,4,63.2,57.0,5.63,5.67,3.57,4
285,12313,1.26,1,6,3,63.2,57.3,6.81,6.86,4.32,5
286,42627,0.54,3,2,2,61.8,60.0,5.22,5.2,3.22,2
287,27917,0.4,3,5,2,62.2,55.0,4.72,4.77,2.95,0
288,15731,0.36,3,5,6,61.6,56.0,4.58,4.61,2.83,0
289,59,0.23,2,1,3,63.8,55.0,3.85,3.92,2.48,0
290,10107,0.32,3,4,2,62.6,55.0,4.38,4.37,2.74,0
291,5202,0.9,2,4,2,60.8,57.0,6.22,6.25,3.79,4
292,29518,0.32,3,1,3,61.8,55.0,4.4,4.43,2.73,0
293,39413,0.5,3,3,1,62.1,55.0,5.12,5.15,3.19,2
294,31326,0.36,3,2,1,61.2,56.0,4.61,4.64,2.83,0
295,29302,0.31,3,1,2,62.8,57.0,4.34,4.32,2.72,0
296,50820,0.77,3,4,1,60.8,57.0,5.96,5.89,3.6,3
297,5498,1.0,0,3,2,68.2,60.0,6.02,5.94,4.08,4
298,3458,0.9,0,0,2,66.4,59.0,5.97,5.92,3.95,4
299,10956,0.9,3,4,6,62.3,59.0,6.15,6.09,3.81,5
300,39618,0.5,3,6,4,62.5,57.0,5.06,5.09,3.17,2
301,41611,0.52,3,4,3,61.7,54.0,5.18,5.22,3.21,2
302,9400,0.32,3,0,2,61.5,59.0,4.39,4.42,2.71,0
303,926,0.7,3,2,4,59.0,59.0,5.79,5.77,3.41,3
304,15248,1.01,3,3,3,62.7,56.0,6.43,6.39,4.02,5
305,38265,0.4,3,4,6,62.0,54.0,4.72,4.76,2.94,1
306,17420,0.34,3,1,1,62.4,59.0,4.46,4.42,2.77,0
307,31275,0.42,3,0,2,61.9,55.0,4.79,4.84,2.98,1
308,35473,0.32,3,1,3,62.0,55.0,4.41,4.39,2.73,1
309,5291,0.59,3,0,6,62.3,54.0,5.36,5.39,3.35,4
310,36340,0.32,3,4,6,61.5,59.0,4.41,4.37,2.7,1
311,10834,1.24,1,3,1,63.7,60.0,6.77,6.7,4.3,5
312,33341,0.31,2,0,6,61.1,56.0,4.35,4.42,2.68,1
313,40674,0.41,3,1,4,62.3,59.0,4.76,4.74,2.96,2
314,40227,0.38,3,2,6,61.5,56.0,4.68,4.71,2.88,2
315,34377,0.3,3,1,6,62.1,57.0,4.27,4.29,2.66,1
316,19538,1.01,3,2,4,62.1,54.0,6.42,6.44,3.99,6
317,45332,0.51,3,1,3,61.9,57.0,5.12,5.09,3.16,2
318,53476,0.7,3,1,3,60.8,58.0,5.7,5.74,3.48,3
319,37975,0.3,3,4,3,62.5,53.2,4.29,4.34,2.69,0
320,21014,1.53,3,5,3,61.7,57.0,7.36,7.41,4.56,6
321,29205,0.4,2,1,3,63.0,59.0,4.66,4.68,2.94,0
322,1401,1.05,3,1,0,61.4,58.0,6.53,6.46,3.99,3
323,10854,1.05,3,2,1,62.7,54.0,6.5,6.54,4.09,5
324,21180,1.57,3,4,1,60.7,57.0,7.49,7.54,4.56,6
325,4475,1.05,3,6,1,61.6,57.0,6.55,6.51,4.02,4
326,51396,1.01,3,3,0,61.7,62.0,6.41,6.35,3.93,3
327,33967,0.41,1,3,6,63.6,56.0,4.72,4.74,3.01,1
328,13699,1.2,3,4,2,62.4,59.0,6.72,6.68,4.18,5
329,7816,1.02,3,4,1,62.5,54.0,6.44,6.4,4.01,4
330,28848,0.38,3,5,3,62.4,56.0,4.65,4.58,2.88,0
331,53778,0.77,3,1,1,59.8,56.0,6.01,5.96,3.58,3
332,30219,0.34,3,3,5,62.0,55.0,4.47,4.5,2.78,0
333,3765,0.36,3,4,3,62.1,55.0,4.57,4.61,2.85,0
334,20710,1.3,3,4,5,61.5,55.0,7.07,7.03,4.34,6
335,23393,0.3,3,5,2,61.5,57.0,4.3,4.35,2.66,0
336,44943,0.54,3,4,4,61.6,59.0,5.22,5.24,3.22,2
337,7442,0.33,2,3,3,62.6,56.0,4.38,4.41,2.75,0
338,40019,0.41,3,5,6,61.5,59.0,4.81,4.75,2.94,2
339,32213,0.39,1,3,3,63.3,57.0,4.61,4.65,2.93,1
340,18264,1.1,3,3,4,58.4,60.0,6.85,6.81,3.99,5
341,31023,0.37,2,3,4,61.5,58.0,4.57,4.6,2.82,1
342,17697,1.1,3,2,3,61.1,57.0,6.71,6.65,4.08,5
343,31030,0.37,3,3,4,59.5,58.0,4.67,4.71,2.79,1
344,9732,0.32,1,0,2,63.3,57.0,4.36,4.39,2.77,0
345,34500,0.31,3,1,6,61.4,55.0,4.35,4.38,2.68,1
346,22340,1.65,3,4,1,61.6,55.0,7.58,7.62,4.68,6
347,42433,0.53,3,1,2,62.3,60.0,5.27,5.17,3.25,2
348,4268,0.91,2,0,1,58.3,60.0,6.33,6.4,3.71,4
349,30158,0.32,3,3,3,60.7,58.0,4.42,4.38,2.67,0
350,53318,0.3,1,0,2,63.1,55.0,4.28,4.31,2.71,0
351,12046,1.14,2,5,4,63.3,56.0,6.68,6.6,4.2,5
352,14180,1.22,3,3,1,60.5,58.0,6.96,6.92,4.2,5
353,32910,0.38,1,0,3,64.1,55.0,4.58,4.62,2.95,1
354,8931,1.01,1,4,2,57.1,58.0,6.6,6.64,3.78,4
355,34629,0.37,3,6,2,61.4,57.0,4.62,4.66,2.85,0
356,19684,1.52,3,6,4,62.4,59.0,7.36,7.31,4.58,6
357,32729,0.31,3,3,4,62.8,58.0,4.3,4.27,2.69,1
358,49369,0.6,2,3,4,61.9,56.0,5.41,5.45,3.36,3
359,11817,1.23,3,6,1,63.2,58.0,6.82,6.74,4.29,5
360,20186,1.2,3,3,4,62.8,58.0,6.84,6.75,4.27,6
361,20984,1.05,3,1,4,62.1,56.0,6.57,6.48,4.05,6
362,19582,1.54,3,3,2,63.0,59.0,7.31,7.26,4.59,6
363,5070,0.63,3,2,7,60.9,57.0,5.53,5.57,3.38,4
364,25718,0.31,3,2,4,61.5,54.0,4.36,4.39,2.69,0
365,8740,0.38,2,2,1,61.2,57.0,4.67,4.71,2.87,0
366,29195,0.38,3,1,2,61.8,53.8,4.63,4.67,2.88,0
367,21439,1.5,2,3,2,62.2,58.0,7.21,7.28,4.51,6
368,19553,1.5,2,3,1,61.3,63.0,7.28,7.23,4.45,6
369,21861,1.5,2,0,2,63.4,63.0,7.23,7.19,4.57,6
370,34487,0.4,3,3,2,61.7,61.0,4.68,4.63,2.87,1
371,10879,1.16,3,4,1,61.8,58.0,6.81,6.75,4.19,5
372,27340,2.72,3,6,1,62.1,56.0,8.97,8.93,5.56,6
373,44024,0.26,3,3,2,62.0,54.0,4.08,4.11,2.54,0
374,21651,1.22,2,3,5,59.3,58.0,6.97,6.99,4.14,6
375,6794,1.06,3,5,1,61.9,59.0,6.47,6.52,4.02,4
376,32343,0.28,3,3,2,61.2,54.0,4.22,4.27,2.6,0
377,36245,0.36,3,2,3,60.5,59.0,4.64,4.61,2.8,1
378,18388,1.01,3,1,4,62.9,60.0,6.43,6.33,4.01,5
379,47231,0.55,2,3,6,60.8,58.0,5.25,5.3,3.21,2
380,41021,0.5,3,1,1,62.8,55.0,5.08,5.05,3.18,2
381,50875,0.62,2,0,4,63.4,55.0,5.46,5.43,3.45,3
382,25940,2.19,3,5,1,60.8,60.0,8.34,8.38,5.08,6
383,17172,1.26,3,4,2,61.0,56.0,7.04,7.0,4.28,5
384,33359,0.35,3,0,2,62.3,55.0,4.54,4.51,2.82,1
385,3408,0.3,3,5,3,62.4,55.0,4.32,4.34,2.7,0
386,26570,2.02,3,5,2,62.5,59.0,8.05,8.01,5.02,6
387,36183,0.33,3,1,3,61.0,60.0,4.47,4.42,2.71,1
388,13282,1.14,3,1,1,62.4,57.0,6.64,6.7,4.16,5
389,20188,1.52,3,6,4,62.3,58.0,7.32,7.35,4.57,6
390,30569,0.3,3,3,6,60.6,57.0,4.36,4.38,2.65,1
391,23217,1.5,3,4,4,59.9,60.0,7.44,7.39,4.44,6
392,32072,0.32,3,1,5,61.3,57.0,4.39,4.42,2.7,1
393,12860,1.02,3,3,3,61.5,59.0,6.45,6.4,3.95,5
394,5474,1.05,3,3,1,60.1,60.0,6.58,6.66,3.98,4
395,31908,0.3,3,4,5,61.5,58.0,4.3,4.28,2.64,1
396,50658,0.23,3,1,4,61.8,60.0,3.91,3.95,2.43,0
397,21753,0.28,2,2,5,60.2,58.0,4.26,4.28,2.57,0
398,48341,0.31,1,0,2,63.8,57.0,4.29,4.33,2.75,0
399,12167,1.57,3,4,0,62.8,56.0,7.42,7.36,4.64,5
400,42699,0.57,3,0,1,62.3,53.0,5.32,5.34,3.32,2
401,3591,1.0,3,6,2,62.7,57.0,6.4,6.33,3.99,4
402,17418,0.34,3,1,1,61.7,58.0,4.54,4.5,2.79,0
403,47359,0.23,2,0,5,62.2,58.0,3.94,3.97,2.46,0
404,3844,0.9,1,2,1,65.9,60.0,5.98,6.01,3.95,4
405,48276,0.53,3,1,4,58.5,61.0,5.39,5.28,3.12,3
406,25820,2.01,3,5,2,60.1,59.0,8.21,8.15,4.92,6
407,13506,1.04,3,1,1,62.3,55.0,6.46,6.49,4.03,5
408,22843,1.53,3,4,3,59.9,60.0,7.5,7.46,4.48,6
409,32572,0.39,2,3,4,62.7,58.0,4.63,4.69,2.92,1
410,9310,1.01,1,1,2,64.5,56.0,6.24,6.29,4.04,4
411,20020,1.03,3,2,5,61.3,57.0,6.53,6.49,3.99,6
412,25042,1.25,3,1,6,62.6,56.0,6.83,6.91,4.3,6
413,23688,1.5,2,4,6,60.9,61.0,7.36,7.39,4.49,6
414,40211,0.38,3,0,3,58.7,61.0,4.77,4.74,2.79,2
415,15377,1.01,2,2,3,62.0,59.0,6.38,6.42,3.97,5
416,13818,1.0,2,4,4,64.2,53.0,6.27,6.34,4.05,5
417,5298,1.19,3,4,0,60.3,57.0,6.83,6.93,4.15,4
418,33848,0.32,3,3,6,62.4,56.0,4.36,4.39,2.73,1
419,30559,0.32,3,3,6,61.3,55.0,4.46,4.38,2.71,1
420,16132,1.0,2,3,4,59.1,61.0,6.48,6.54,3.85,5
421,52813,0.91,3,2,1,59.8,58.0,6.29,6.26,3.75,3
422,24515,1.3,3,2,5,62.1,55.0,7.04,6.96,4.35,6
423,1782,0.7,2,3,5,61.0,59.0,5.67,5.7,3.47,3
424,20874,1.01,3,2,5,60.4,59.0,6.45,6.49,3.91,6
425,47100,0.52,2,1,4,62.6,56.0,5.11,5.14,3.21,2
426,12054,1.26,3,5,1,60.1,59.0,7.0,6.91,4.18,5
427,36300,0.44,3,1,3,61.6,54.0,4.9,4.97,3.04,1
428,20892,1.16,3,3,6,60.5,57.0,6.78,6.83,4.12,6
429,20612,1.29,3,4,4,61.2,57.0,7.01,7.05,4.3,6
430,34929,0.31,3,0,3,59.4,56.0,4.45,4.4,2.63,1
431,19951,1.28,3,3,3,61.4,58.0,7.0,6.92,4.27,6
432,16691,1.53,0,6,3,64.7,58.0,7.24,7.22,4.68,5
433,52066,0.8,3,2,1,61.4,58.0,5.95,5.93,3.65,3
434,17655,1.01,2,1,4,60.9,55.0,6.48,6.58,3.98,5
435,52478,0.71,3,3,2,62.1,54.0,5.72,5.75,3.56,3
436,33652,0.31,1,0,1,63.7,55.0,4.32,4.35,2.76,0
437,9772,1.0,0,2,3,68.4,58.0,5.97,6.1,4.13,4
438,51992,0.57,3,1,5,62.1,54.6,5.31,5.35,3.31,3
439,43451,0.46,2,3,6,61.7,60.0,4.94,4.98,3.06,2
440,44317,0.49,3,1,4,58.1,62.0,5.2,5.13,3.0,2
441,37090,0.46,2,1,2,61.8,57.0,4.93,4.98,3.06,1
442,32846,0.34,3,1,4,62.2,55.0,4.49,4.52,2.8,1
443,10733,1.03,3,1,1,61.8,59.0,6.47,6.42,3.98,5
444,29736,0.31,3,4,6,62.1,58.0,4.33,4.36,2.7,0
445,50099,0.71,2,5,4,63.1,57.0,5.68,5.58,3.55,3
446,27585,1.61,3,0,3,62.0,55.0,7.51,7.5,4.67,6
447,28668,0.26,3,5,4,62.1,55.0,4.11,4.13,2.56,0
448,1069,0.7,2,3,5,63.4,59.0,5.62,5.64,3.57,3
449,12734,0.36,3,4,3,62.0,55.0,4.58,4.63,2.86,0
450,12217,1.02,1,1,2,63.2,61.0,6.31,6.37,4.01,5
451,43067,0.58,2,2,2,62.6,57.0,5.24,5.36,3.32,2
452,15354,1.3,2,2,1,61.1,58.0,6.98,7.02,4.28,5
453,14191,1.01,3,1,2,62.8,58.0,6.38,6.33,3.99,5
454,42078,0.53,3,4,2,60.8,56.0,5.27,5.29,3.21,2
455,26844,2.22,3,6,4,61.8,59.0,8.34,8.37,5.16,6
456,32163,0.41,1,6,3,64.3,55.0,4.7,4.66,3.01,1
457,35410,0.41,3,3,4,61.7,57.0,4.78,4.81,2.96,1
458,22066,0.39,3,1,2,61.1,55.0,4.74,4.75,2.9,0
459,40172,0.41,3,4,6,61.4,60.0,4.78,4.73,2.92,2
460,43922,0.54,3,4,3,61.6,55.0,5.23,5.25,3.23,2
461,36663,0.24,2,1,5,60.6,62.0,4.03,4.06,2.45,0
462,21065,1.52,3,4,2,60.1,60.0,7.5,7.42,4.48,6
463,53114,0.59,2,3,7,60.9,57.0,5.38,5.42,3.29,3
464,1954,0.8,2,2,2,63.5,58.0,5.89,5.85,3.73,3
465,24721,2.0,2,6,3,60.8,62.0,8.09,8.12,4.93,6
466,38735,0.37,3,1,3,60.3,58.0,4.66,4.63,2.8,1
467,42584,0.85,0,4,0,61.0,61.0,6.2,6.0,3.73,2
468,33143,0.32,3,1,5,62.2,53.0,4.39,4.42,2.74,1
469,11007,1.04,2,0,1,58.6,58.0,6.65,6.72,3.92,5
470,36251,0.36,3,3,4,61.2,60.0,4.59,4.56,2.8,1
471,39393,0.44,3,1,3,60.4,58.0,4.93,4.87,2.96,2
472,40547,0.41,3,1,4,61.2,56.0,4.82,4.89,2.97,2
473,32585,0.27,3,0,5,62.2,59.0,4.12,4.08,2.55,1
474,17585,1.01,3,2,3,62.5,59.0,6.41,6.32,3.98,5
475,10068,0.3,0,6,3,64.8,58.0,4.24,4.16,2.72,0
476,1009,0.75,3,2,3,62.5,57.0,5.78,5.83,3.63,3
477,49448,0.7,3,3,2,62.2,58.0,5.69,5.76,3.56,3
478,1177,0.65,3,2,5,61.3,56.0,5.58,5.61,3.43,3
479,37047,0.33,3,3,5,60.6,58.0,4.5,4.47,2.72,1
480,22063,0.38,3,1,1,62.1,54.1,4.64,4.69,2.9,0
481,37173,0.42,3,3,1,60.9,56.0,4.87,4.89,2.97,1
482,22216,1.55,0,2,2,59.7,66.0,7.59,7.47,4.49,6
483,52339,0.23,3,1,3,61.7,55.0,3.98,4.0,2.46,0
484,12542,0.91,3,3,5,61.8,58.0,6.16,6.24,3.83,5
485,33053,0.31,1,2,4,56.7,60.0,4.57,4.5,2.57,1
486,40815,0.5,2,0,1,61.9,56.0,5.09,5.14,3.16,2
487,15666,1.01,3,2,3,58.9,58.0,6.59,6.51,3.86,5
488,30096,0.41,3,3,2,62.6,54.0,4.74,4.78,2.98,0
489,28946,0.3,1,3,5,63.5,56.0,4.29,4.34,2.74,0
490,44707,0.32,3,4,3,62.0,54.0,4.41,4.43,2.74,0
491,2196,0.75,3,1,1,62.6,55.0,5.72,5.79,3.6,4
492,26996,2.5,2,6,2,62.8,57.0,8.58,8.65,5.41,6
493,34407,0.41,3,2,3,62.3,57.0,4.75,4.78,2.97,1
494,47909,0.52,3,3,5,61.7,56.0,5.14,5.16,3.18,3
495,48227,0.72,1,4,1,65.8,59.0,5.51,5.58,3.65,3
496,53950,0.61,3,2,6,61.8,59.0,5.48,5.4,3.36,3
497,2122,0.8,3,4,4,63.1,58.0,5.89,5.96,3.74,4
498,1839,0.78,3,1,1,61.0,56.0,5.92,5.98,3.63,3
499,19620,1.41,1,2,2,63.7,58.0,7.06,7.01,4.48,6
500,35658,0.36,2,3,1,61.9,56.0,4.55,4.59,2.83,0
501,46851,0.51,3,0,3,61.4,57.0,5.16,5.13,3.16,2
502,47350,0.23,2,2,5,60.0,57.0,4.0,4.04,2.41,0
503,5856,1.18,3,6,3,62.8,59.0,6.78,6.69,4.23,4
504,17193,1.09,3,1,2,61.8,55.0,6.65,6.58,4.09,5
505,34800,0.41,3,1,1,60.0,59.0,4.82,4.78,2.88,1
506,40180,0.4,2,2,6,63.7,58.0,4.65,4.68,2.97,2
507,2718,0.77,2,0,2,59.9,59.0,5.9,5.95,3.55,4
508,36830,0.34,3,1,3,62.6,57.0,4.47,4.45,2.79,1
509,45265,0.7,3,6,4,61.6,57.0,5.72,5.77,3.54,2
510,23683,1.03,2,0,5,62.7,58.0,6.39,6.43,4.02,6
511,27974,0.25,3,2,2,61.5,56.0,4.06,4.09,2.5,0
512,34334,0.3,3,1,4,61.6,55.0,4.34,4.36,2.68,1
513,5594,1.0,3,2,1,60.2,62.0,6.53,6.45,3.91,4
514,25969,2.04,2,3,1,61.4,58.0,8.04,8.11,4.96,6
515,33039,0.34,3,3,6,60.4,56.0,4.52,4.55,2.74,1
516,48079,0.51,1,3,6,63.9,57.0,5.06,5.08,3.24,3
517,22992,1.22,3,3,5,60.0,58.0,6.95,6.99,4.18,6
518,1929,0.76,3,0,2,62.8,57.0,5.81,5.85,3.66,3
519,9460,1.01,1,3,2,63.9,57.0,6.3,6.37,4.05,4
520,4287,0.8,3,3,4,61.1,58.0,5.96,6.03,3.66,4
521,49087,0.51,3,2,5,62.3,58.0,5.1,5.08,3.17,3
522,24075,0.38,2,0,1,61.1,58.0,4.62,4.68,2.84,0
523,13241,1.02,2,1,2,63.2,60.0,6.33,6.42,4.03,5
524,40409,0.41,3,1,6,60.0,61.0,4.86,4.78,2.89,2
525,52440,0.71,2,1,2,63.1,58.0,5.65,5.69,3.58,3
526,45800,0.51,2,2,4,61.0,59.0,5.16,5.1,3.13,2
527,47150,0.87,3,3,0,61.5,57.0,6.09,6.04,3.73,2
528,11369,1.01,3,2,2,58.5,60.0,6.6,6.57,3.85,5
529,7396,1.1,2,6,1,61.9,55.0,6.59,6.63,4.09,4
530,26674,2.0,3,5,2,61.4,57.0,8.05,8.11,4.96,6
531,49283,0.51,3,2,4,60.9,56.0,5.17,5.2,3.16,3
532,49864,0.56,3,3,5,60.7,56.0,5.33,5.32,3.23,3
533,34965,0.28,1,1,2,62.6,60.0,4.12,4.15,2.59,0
534,13686,1.05,3,2,2,60.6,59.0,6.51,6.56,3.96,5
535,1278,0.72,3,2,3,62.0,56.0,5.77,5.75,3.57,3
536,46468,0.7,0,0,1,67.8,58.0,5.51,5.44,3.71,2
537,36117,0.37,2,1,4,60.2,56.0,4.68,4.71,2.83,1
538,39147,0.41,3,4,4,61.9,56.0,4.78,4.75,2.95,2
539,7800,1.03,2,4,1,62.8,59.0,6.4,6.43,4.03,4
540,52638,0.71,2,3,3,61.5,57.0,5.69,5.73,3.51,3
541,37172,0.4,3,2,4,61.8,55.0,4.76,4.78,2.95,1
542,11708,0.91,3,1,4,62.7,59.0,6.15,6.19,3.87,5
543,8939,1.07,3,5,3,60.7,58.0,6.62,6.66,4.03,4
544,20994,1.54,3,6,5,62.8,58.0,7.32,7.37,4.61,6
545,44432,0.4,3,2,7,60.9,57.0,4.81,4.84,2.94,2
546,14963,1.27,2,5,3,62.6,59.0,6.86,6.95,4.32,5
547,24730,0.41,2,1,1,59.5,62.0,4.8,4.84,2.87,0
548,51410,0.74,1,1,2,62.1,64.0,5.76,5.71,3.56,3
549,40222,0.5,3,4,1,62.3,56.0,5.14,5.09,3.19,2
550,53781,0.74,3,2,2,62.3,61.0,5.8,5.76,3.6,3
551,28005,0.3,3,1,3,61.8,55.0,4.33,4.35,2.68,0
552,22738,0.3,3,6,3,61.9,56.0,4.33,4.3,2.67,0
553,27871,0.31,2,4,6,61.9,57.0,4.33,4.36,2.69,0
554,35998,0.3,2,0,2,62.6,59.0,4.24,4.26,2.66,0
555,17915,1.41,2,2,1,61.4,59.0,7.17,7.2,4.41,5
556,28977,0.3,3,4,6,62.7,59.0,4.29,4.32,2.7,0
557,11853,1.11,3,2,2,60.4,61.0,6.72,6.65,4.04,5
558,15264,1.25,2,4,2,62.4,55.0,6.85,6.89,4.29,5
559,49481,0.7,3,4,1,61.6,54.0,5.71,5.75,3.53,3
560,45747,0.56,3,3,3,61.7,56.0,5.34,5.3,3.28,2
561,44220,0.56,3,0,1,60.0,58.0,5.42,5.38,3.24,2
562,11217,1.0,3,1,2,61.9,62.0,6.4,6.34,3.94,5
563,49519,0.52,3,1,5,62.3,57.0,5.12,5.15,3.2,3
564,14516,1.5,0,6,3,64.5,59.0,7.2,7.07,4.6,5
565,11619,1.25,3,5,1,61.0,60.0,6.98,6.93,4.24,5
566,17544,1.32,3,1,1,62.7,56.0,7.03,6.97,4.39,5
567,12991,1.3,3,4,3,62.9,56.0,7.0,6.96,4.39,5
568,5358,0.9,2,0,1,61.0,59.0,6.14,6.18,3.76,4
569,49269,0.54,3,2,4,61.1,55.0,5.26,5.32,3.23,3
570,11957,1.3,1,6,1,62.9,56.0,6.9,6.94,4.35,5
571,25522,1.7,3,4,4,62.8,57.0,7.57,7.47,4.72,6
572,39762,0.58,2,6,3,62.8,57.0,5.28,5.33,3.33,2
573,17422,0.34,1,1,1,63.7,55.0,4.46,4.43,2.83,0
574,1913,0.7,3,3,6,61.6,55.0,5.72,5.75,3.53,3
575,10704,0.9,3,2,3,62.3,58.0,6.16,6.14,3.83,5
576,13130,1.46,3,3,1,62.8,52.0,7.31,7.27,4.58,5
577,25860,1.32,2,2,7,62.4,58.0,6.97,7.01,4.36,6
578,38816,0.31,3,1,5,61.7,56.0,4.36,4.33,2.68,1
579,9526,1.01,1,0,1,64.5,58.0,6.18,6.26,4.01,4
580,24565,1.66,2,1,2,61.7,58.0,7.52,7.59,4.66,6
581,7321,1.25,3,6,2,62.0,61.0,6.86,6.84,4.25,4
582,4042,0.9,2,5,3,63.3,58.0,6.07,6.13,3.86,4
583,39929,0.42,3,2,4,61.8,59.0,4.83,4.81,2.98,2
584,29802,0.35,3,4,3,61.8,56.0,4.58,4.54,2.82,0
585,28287,0.33,3,3,4,61.9,56.0,4.44,4.48,2.76,0
586,15024,1.0,3,4,5,60.3,59.0,6.46,6.41,3.88,5
587,32010,0.3,2,5,3,60.5,55.0,4.34,4.37,2.63,0
588,42392,0.38,3,1,7,61.4,55.0,4.68,4.7,2.88,2
589,9040,1.01,3,4,2,62.6,55.0,6.42,6.36,4.0,4
590,12573,1.21,2,6,4,60.9,60.0,6.87,6.9,4.19,5
591,29349,0.31,3,4,4,59.9,60.0,4.45,4.4,2.65,0
592,49200,0.75,3,5,1,61.1,57.0,5.88,5.84,3.58,3
593,4830,1.1,3,5,1,62.4,59.0,6.55,6.51,4.08,4
594,30648,0.3,2,3,2,62.7,58.0,4.22,4.27,2.66,0
595,47227,0.54,3,2,3,63.0,57.0,5.22,5.18,3.28,2
596,47242,0.5,2,3,5,62.9,57.0,5.04,5.11,3.19,2
597,35721,0.41,1,1,3,63.1,64.0,4.63,4.66,2.93,1
598,10787,1.01,3,4,2,62.7,56.0,6.41,6.44,4.03,5
599,45547,0.56,3,3,4,60.7,57.0,5.27,5.34,3.22,2
600,23687,1.73,3,4,2,62.7,56.0,7.62,7.67,4.79,6
601,3714,0.9,3,6,2,62.7,56.0,6.21,6.16,3.88,4
602,16473,1.11,2,1,2,62.4,57.0,6.58,6.6,4.11,5
603,32033,0.3,0,2,3,65.4,55.0,4.25,4.22,2.77,1
604,18903,1.51,2,1,1,63.3,58.0,7.19,7.16,4.54,5
605,6379,1.0,0,3,3,44.0,53.0,6.31,6.24,4.12,4
606,52337,0.25,2,2,7,59.4,62.0,4.12,4.13,2.45,0
607,49689,0.59,3,2,4,61.1,56.0,5.43,5.47,3.33,3
608,703,0.73,3,1,2,59.1,59.0,5.92,5.95,3.51,3
609,25345,2.0,3,4,2,59.8,60.0,8.04,8.01,4.8,6
610,22511,1.01,2,1,6,63.2,54.0,6.41,6.31,4.02,6
611,10375,1.0,3,1,1,61.9,56.0,6.39,6.43,3.97,4
612,45038,0.57,3,2,3,62.3,55.0,5.3,5.36,3.32,2
613,19938,1.24,3,3,4,61.1,57.0,6.98,6.91,4.24,6
614,28108,0.31,3,3,5,60.0,58.0,4.38,4.42,2.64,0
615,37717,0.42,3,4,3,62.1,57.0,4.8,4.76,2.97,1
616,24001,1.08,3,1,6,61.0,56.0,6.66,6.62,4.05,6
617,35395,0.42,3,0,1,60.0,61.0,4.89,4.85,2.92,1
618,51947,0.7,3,4,4,60.2,56.0,5.78,5.71,3.46,3
619,10699,1.2,3,6,2,60.6,59.0,6.88,6.84,4.16,5
620,31340,0.32,2,0,3,61.8,57.0,4.35,4.36,2.69,1
621,29389,0.31,3,3,3,62.4,59.0,4.38,4.34,2.72,0
622,53655,0.3,2,0,2,61.0,61.0,4.27,4.29,2.61,0
623,29746,0.31,3,3,5,61.5,58.0,4.31,4.34,2.66,0
624,6417,0.25,3,1,5,61.5,59.0,4.02,4.04,2.48,0
625,29748,0.31,3,3,5,62.4,56.0,4.31,4.35,2.7,0
626,34526,0.43,3,3,3,61.3,58.0,4.83,4.86,2.97,1
627,2113,0.77,3,2,2,61.5,56.0,5.89,5.95,3.64,3
628,16755,0.3,3,2,2,60.6,57.0,4.34,4.37,2.64,0
629,743,0.91,1,6,3,64.2,58.0,6.12,6.09,3.92,3
630,47394,0.56,3,0,3,62.7,57.0,5.28,5.25,3.3,2
631,3985,0.8,3,2,3,62.1,60.0,5.92,5.86,3.66,4
632,4673,1.03,2,2,1,63.1,57.0,6.42,6.38,4.04,4
633,12884,1.03,3,2,2,62.8,56.0,6.38,6.46,4.03,5
634,3782,0.3,3,2,4,61.0,58.0,4.33,4.36,2.65,0
635,23212,1.5,3,4,4,62.1,59.0,7.31,7.27,4.53,6
636,40153,0.41,3,2,5,60.4,58.0,4.8,4.84,2.91,2
637,17671,1.15,3,4,2,61.6,55.0,6.74,6.79,4.17,5
638,47789,0.54,2,0,3,60.6,58.0,5.26,5.3,3.2,3
639,19763,1.09,3,3,4,60.4,58.0,6.67,6.7,4.04,6
640,11193,1.21,2,4,2,63.5,58.0,6.73,6.63,4.24,5
641,24261,1.57,3,0,2,62.3,59.0,7.44,7.39,4.62,6
642,2032,0.81,3,2,2,60.3,59.0,5.98,6.05,3.63,3
643,13306,1.0,1,3,3,63.7,57.0,6.32,6.28,4.01,5
644,30793,0.25,3,1,5,61.6,57.0,4.1,4.08,2.52,1
645,24132,1.61,3,4,4,62.5,58.0,7.57,7.46,4.7,6
646,14252,1.27,3,6,6,60.1,58.0,7.06,6.99,4.22,5
647,53128,0.71,3,1,3,62.4,60.0,5.68,5.66,3.54,3
648,50877,0.7,3,3,2,61.9,58.0,5.69,5.72,3.53,3
649,40761,0.41,2,2,6,62.3,54.0,4.75,4.79,2.97,2
650,25734,0.33,3,1,2,59.6,57.0,4.53,4.49,2.69,0
651,6200,1.01,0,1,1,56.8,66.0,6.63,6.58,3.75,4
652,15228,1.29,2,5,3,61.3,58.0,6.98,7.04,4.3,5
653,20543,1.51,3,1,2,63.0,58.0,7.4,7.27,4.62,6
654,19781,1.22,3,3,4,61.3,56.0,6.93,6.88,4.23,6
655,43745,0.46,3,1,4,61.7,59.0,4.96,4.93,3.05,2
656,26395,0.32,3,4,5,61.9,55.0,4.37,4.39,2.71,0
657,16160,1.3,1,0,1,57.1,63.0,7.27,7.22,4.14,5
658,20545,1.77,3,6,1,62.0,55.0,7.84,7.72,4.82,6
659,52202,0.76,3,5,2,62.3,57.0,5.81,5.87,3.64,3
660,25118,2.04,3,6,3,61.4,59.0,8.14,8.04,4.97,6
661,10961,1.04,3,1,1,62.4,57.0,6.51,6.43,4.04,5
662,10830,1.07,1,3,2,63.1,59.0,6.45,6.49,4.08,5
663,36553,0.3,3,2,5,61.1,59.0,4.32,4.29,2.63,1
664,8848,1.2,1,5,1,64.1,57.0,6.7,6.62,4.27,4
665,19776,1.09,3,3,4,60.3,57.0,6.68,6.73,4.04,6
666,40010,0.51,1,3,2,63.1,64.0,5.08,5.03,3.19,2
667,18071,0.35,3,4,4,62.6,59.0,4.45,4.5,2.8,0
668,45278,0.53,3,0,3,61.4,56.0,5.18,5.21,3.19,2
669,52492,0.7,3,2,2,62.7,57.0,5.66,5.7,3.56,3
670,49394,0.71,2,5,2,62.0,56.0,5.69,5.72,3.54,3
671,10856,1.0,2,0,1,62.6,57.0,6.37,6.4,4.0,5
672,12142,1.1,3,0,2,60.4,59.0,6.66,6.69,4.03,5
673,37641,0.24,2,0,5,61.3,58.0,3.99,4.03,2.46,0
674,9371,0.9,2,1,3,62.9,57.0,6.16,6.18,3.88,4
675,601,0.71,3,3,5,62.1,57.0,5.75,5.65,3.54,3
676,19755,1.5,2,1,1,62.2,58.0,7.31,7.35,4.56,6
677,20831,1.52,2,0,1,61.2,63.0,7.39,7.31,4.5,6
678,51954,0.7,3,5,2,61.8,57.0,5.67,5.72,3.52,3
679,35075,0.39,2,1,4,59.7,56.0,4.8,4.85,2.88,1
680,42075,0.51,3,5,3,60.5,58.0,5.15,5.2,3.13,2
681,53935,1.02,1,4,0,64.3,63.0,6.28,6.23,4.02,3
682,31807,0.32,3,3,4,61.9,55.0,4.42,4.4,2.73,1
683,34649,0.22,3,2,2,61.7,60.0,3.9,3.85,2.39,0
684,51700,0.73,3,5,4,60.7,56.0,5.85,5.81,3.54,3
685,7174,1.03,3,6,2,61.6,57.0,6.46,6.49,3.99,4
686,46129,0.96,0,4,0,64.3,59.0,6.38,5.88,3.98,2
687,402,0.71,2,2,4,62.2,58.0,5.66,5.72,3.54,3
688,49101,0.7,1,2,2,63.1,64.0,5.58,5.61,3.53,3
689,20167,1.1,2,3,7,60.5,55.0,6.77,6.71,4.08,6
690,13140,1.02,2,1,2,60.6,59.0,6.47,6.49,3.93,5
691,24772,1.53,3,3,3,59.4,59.0,7.55,7.51,4.47,6
692,37795,0.38,3,0,3,60.9,58.0,4.67,4.63,2.83,1
693,27687,3.01,1,4,1,57.6,64.0,9.44,9.38,5.42,6
694,31524,0.34,3,3,3,60.2,58.0,4.56,4.51,2.73,1
695,14817,1.2,3,3,2,61.5,61.0,6.84,6.78,4.19,5
696,35382,0.42,3,4,2,62.7,56.0,4.78,4.76,2.99,1
697,34481,0.31,3,1,5,62.0,54.0,4.38,4.39,2.72,1
698,44176,0.59,3,2,2,62.4,59.0,5.37,5.33,3.34,2
699,99,0.3,3,0,2,62.6,59.0,4.23,4.27,2.66,0
700,41189,0.45,1,0,3,63.7,61.0,4.81,4.73,3.04,2
701,29052,0.39,3,6,5,62.0,54.5,4.67,4.7,2.9,0
702,26357,1.59,3,3,5,62.6,55.0,7.47,7.44,4.67,6
703,8342,1.44,3,5,0,62.7,55.0,7.21,7.18,4.51,4
704,38094,0.57,3,0,1,61.3,59.0,5.32,5.28,3.25,1
705,44136,0.54,3,2,2,60.4,58.0,5.29,5.2,3.17,2
706,24776,1.75,3,4,2,61.4,59.0,7.79,7.69,4.75,6
707,45082,0.53,3,2,2,61.9,55.0,5.19,5.21,3.22,2
708,35002,0.31,3,3,3,61.2,59.0,4.36,4.4,2.68,0
709,34421,0.41,3,5,6,61.3,56.0,4.8,4.85,2.96,1
710,11890,1.04,3,4,2,62.3,57.0,6.45,6.48,4.03,5
711,21057,1.3,3,4,6,62.8,55.2,6.94,6.97,4.36,6
712,40090,0.38,3,1,3,59.2,60.0,4.77,4.73,2.81,2
713,17129,1.34,3,4,2,62.4,57.0,7.07,6.96,4.38,5
714,41761,0.41,3,4,7,61.8,55.0,4.79,4.76,2.95,2
715,37948,0.41,3,5,7,62.6,57.0,4.74,4.78,2.98,1
716,22359,1.51,2,0,1,63.3,58.0,7.25,7.28,4.6,6
717,53373,0.62,3,3,7,62.2,54.0,5.46,5.51,3.41,3
718,37020,0.38,3,2,5,60.8,53.0,4.72,4.76,2.88,1
719,51902,0.52,3,0,5,62.0,56.0,5.14,5.18,3.2,3
720,53768,0.78,3,0,1,61.3,56.0,5.95,5.99,3.66,3
721,3539,0.74,3,1,4,61.1,58.0,5.84,5.81,3.56,4
722,3272,0.9,2,3,1,63.1,59.0,6.11,6.16,3.87,4
723,52581,0.77,2,6,6,62.8,58.0,5.78,5.84,3.65,3
724,48030,0.32,2,2,2,59.3,58.0,4.47,4.5,2.66,0
725,11352,1.23,3,6,3,61.8,56.0,6.87,6.81,4.23,5
726,30115,0.4,1,4,1,63.7,59.0,4.69,4.64,2.97,0
727,40679,0.41,3,1,4,62.7,55.0,4.76,4.72,2.97,2
728,35987,0.3,3,2,2,62.1,55.0,4.31,4.35,2.69,0
729,4602,0.77,3,0,4,62.1,57.0,5.85,5.8,3.62,4
730,32848,0.34,3,0,3,62.3,55.0,4.45,4.48,2.78,1
731,51164,0.6,3,1,4,59.6,59.0,5.52,5.45,3.27,3
732,35008,0.23,2,1,6,61.3,58.0,3.94,3.96,2.42,0
733,39453,0.41,3,2,4,60.8,57.0,4.8,4.77,2.91,2
734,44881,0.53,3,3,3,61.0,55.0,5.23,5.24,3.2,2
735,19003,1.23,3,4,4,60.6,57.0,6.94,6.98,4.22,5
736,26807,1.59,3,3,6,59.9,56.0,7.57,7.64,4.55,6
737,5422,0.34,3,2,1,60.0,62.0,4.55,4.51,2.72,0
738,2894,0.9,2,5,2,61.7,58.0,6.17,6.21,3.82,4
739,568,0.7,3,1,4,62.2,58.0,5.66,5.6,3.5,3
740,5229,1.07,3,4,1,60.0,59.0,6.6,6.56,3.95,4
741,30384,0.33,2,0,4,60.3,61.0,4.48,4.51,2.71,1
742,24107,1.28,3,1,4,60.8,60.0,7.03,6.98,4.26,6
743,50083,0.59,2,0,3,62.9,56.7,5.37,5.39,3.38,3
744,6159,1.02,3,5,2,61.9,55.0,6.43,6.46,3.99,4
745,16307,1.21,3,0,1,62.5,57.0,6.79,6.71,4.22,5
746,17454,1.5,3,4,1,61.2,61.0,7.34,7.27,4.47,5
747,8676,0.9,3,3,2,62.3,58.0,6.17,6.22,3.86,4
748,9771,1.08,1,1,1,63.7,57.0,6.49,6.54,4.15,4
749,48222,0.6,1,0,2,63.8,57.0,5.32,5.27,3.38,3
750,22771,1.59,3,5,3,61.7,57.0,7.47,7.52,4.62,6
751,32270,0.31,3,3,6,61.6,57.0,4.34,4.36,2.68,1
752,26627,2.03,3,5,3,60.5,62.0,8.22,8.17,4.96,6
753,32544,0.4,0,3,4,57.1,64.0,4.88,4.9,2.79,1
754,6766,0.25,3,4,6,62.5,56.0,4.06,4.03,2.53,0
755,12890,1.11,3,4,2,61.6,56.0,6.65,6.69,4.11,5
756,38069,0.38,3,2,5,61.7,55.4,4.66,4.68,2.88,1
757,25408,0.28,3,2,5,61.4,57.0,4.2,4.24,2.59,0
758,48318,0.53,3,0,3,61.2,56.0,5.23,5.2,3.19,3
759,49113,0.64,2,3,4,60.4,62.0,5.54,5.58,3.36,3
760,29631,0.32,1,0,2,63.7,55.0,4.33,4.31,2.75,0
761,27105,2.01,3,4,3,61.6,61.0,8.14,8.07,4.99,6
762,36495,0.31,3,0,3,62.1,55.0,4.35,4.32,2.69,1
763,14267,1.2,3,3,4,61.7,56.0,6.84,6.77,4.2,5
764,18362,1.34,2,0,1,61.7,58.0,7.04,7.1,4.36,5
765,20382,1.51,1,0,1,61.5,61.0,7.37,7.42,4.55,6
766,17279,1.6,3,2,1,61.8,57.0,7.51,7.46,4.63,5
767,35795,0.33,2,2,6,61.1,58.0,4.42,4.46,2.71,1
768,14868,1.55,2,1,0,61.6,58.0,7.42,7.52,4.6,5
769,45681,0.25,3,3,5,61.5,56.0,4.06,4.08,2.5,0
770,5869,0.9,3,1,2,60.3,60.0,6.27,6.2,3.76,4
771,30923,0.33,3,1,2,62.5,55.0,4.45,4.42,2.77,1
772,52533,0.51,3,2,7,62.4,55.0,5.11,5.14,3.2,3
773,42328,0.32,3,4,3,61.0,60.0,4.35,4.41,2.67,0
774,2186,0.57,3,0,6,61.6,56.0,5.33,5.35,3.29,4
775,34016,0.41,2,5,6,63.1,58.0,4.68,4.74,2.97,1
776,25609,1.97,3,2,1,61.1,58.0,8.05,8.11,4.94,6
777,2699,0.7,2,1,4,61.9,61.0,5.59,5.65,3.48,4
778,44999,0.55,3,2,3,62.0,56.0,5.3,5.25,3.27,2
779,28110,0.3,3,0,4,60.7,58.0,4.34,4.36,2.64,0
780,18311,2.03,3,4,0,59.4,59.0,8.31,8.22,4.91,5
781,11340,1.04,3,4,2,59.5,58.0,6.67,6.58,3.94,5
782,30354,0.36,3,2,3,62.0,55.0,4.55,4.58,2.83,1
783,4456,1.04,3,4,1,62.4,58.0,6.49,6.4,4.02,4
784,38576,0.34,3,0,3,59.3,58.0,4.55,4.52,2.69,1
785,33162,0.31,2,3,6,62.5,57.0,4.3,4.4,2.72,1
786,12234,1.08,3,1,2,62.6,57.0,6.56,6.53,4.1,5
787,627,0.82,2,4,2,60.7,56.0,6.04,6.06,3.67,3
788,7682,0.9,1,2,3,64.5,60.0,6.03,6.07,3.9,4
789,7213,1.01,3,5,2,61.8,58.0,6.45,6.37,3.96,4
790,41408,0.51,1,3,2,63.6,55.0,5.03,5.06,3.21,2
791,3125,0.74,3,1,3,61.7,56.0,5.86,5.81,3.6,4
792,4196,0.76,2,3,5,62.3,57.0,5.79,5.84,3.62,4
793,20132,1.41,3,3,2,62.1,59.0,7.23,7.13,4.46,6
794,32563,0.35,3,4,6,62.3,55.0,4.51,4.55,2.82,1
795,44291,0.51,1,0,2,63.6,57.0,5.08,5.05,3.22,2
796,23881,2.01,2,2,1,63.3,59.0,7.98,7.89,5.02,6
797,24344,2.0,1,4,1,63.8,59.0,7.93,7.88,5.04,6
798,12067,0.73,3,2,6,61.9,56.0,5.75,5.79,3.57,5
799,40822,0.4,3,2,6,61.4,56.0,4.77,4.81,2.94,2
800,49796,0.77,3,6,3,61.4,55.0,5.9,5.95,3.64,3
801,47880,0.65,3,4,2,61.5,55.0,5.59,5.63,3.45,3
802,29194,0.38,3,2,2,62.5,53.7,4.64,4.66,2.91,0
803,37601,0.31,1,3,7,63.9,58.0,4.3,4.27,2.74,1
804,6897,1.05,3,6,1,62.3,54.0,6.52,6.55,4.07,4
805,18208,1.01,3,3,5,59.4,58.0,6.53,6.51,3.93,5
806,43986,0.31,3,1,2,61.6,54.0,4.39,4.41,2.71,0
807,33650,0.31,1,0,1,63.9,57.0,4.28,4.33,2.75,0
808,17613,1.02,3,3,4,61.1,56.0,6.51,6.54,3.99,5
809,11311,1.11,2,4,1,63.2,58.0,6.64,6.53,4.16,5
810,34777,0.32,3,2,4,62.0,54.0,4.44,4.43,2.75,1
811,32708,0.31,3,3,4,61.2,59.0,4.37,4.35,2.67,1
812,12575,1.1,3,4,2,62.0,58.0,6.68,6.6,4.12,5
813,16060,0.3,3,5,4,60.4,58.0,4.4,4.34,2.64,0
814,45634,0.53,3,1,3,62.1,54.6,5.19,5.21,3.23,2
815,15849,1.3,1,0,1,57.1,63.0,7.22,7.27,4.14,5
816,52909,0.73,3,3,3,60.3,57.0,5.88,5.82,3.53,3
817,22264,2.04,3,5,1,62.8,57.0,8.11,8.07,5.08,6
818,12186,1.0,3,0,3,62.9,57.0,6.37,6.32,3.99,5
819,13438,0.32,3,2,3,62.4,57.0,4.37,4.44,2.75,0
820,46700,0.51,3,0,3,60.9,56.0,5.16,5.19,3.15,2
821,40174,0.41,3,4,6,61.4,56.0,4.8,4.77,2.94,2
822,35691,0.31,2,3,5,63.1,57.0,4.32,4.3,2.72,1
823,45464,0.55,2,1,3,62.3,61.0,5.16,5.21,3.23,2
824,18234,1.57,3,5,3,60.8,59.0,7.5,7.47,4.55,5
825,5129,0.9,1,0,2,64.1,56.0,6.04,6.07,3.88,4
826,53687,1.05,2,6,0,59.6,63.0,6.61,6.55,3.92,3
827,38495,0.36,3,3,7,61.9,55.0,4.56,4.59,2.83,1
828,13420,0.3,3,2,3,62.5,53.3,4.28,4.31,2.69,0
829,24535,1.65,2,4,4,62.0,58.0,7.56,7.66,4.72,6
830,11550,1.03,3,0,1,62.5,55.0,6.41,6.48,4.03,5
831,2586,0.83,3,0,1,62.1,56.0,6.0,6.04,3.74,4
832,11339,1.04,3,4,2,62.6,59.0,6.47,6.43,4.04,5
833,11273,1.32,2,5,1,60.9,59.0,7.02,7.19,4.33,5
834,8035,1.01,3,3,1,62.7,58.0,6.44,6.38,4.02,4
835,2791,0.9,2,4,1,59.6,59.0,6.38,6.24,3.76,4
836,42291,0.47,1,1,4,65.4,56.0,4.85,4.9,3.19,2
837,14946,1.2,2,4,3,63.3,57.0,6.78,6.68,4.26,5
838,32940,0.44,3,4,3,61.3,58.0,4.88,4.91,3.0,1
839,1610,0.55,3,0,6,60.3,59.0,5.34,5.3,3.21,3
840,31812,0.32,3,2,3,63.0,57.0,4.37,4.33,2.74,1
841,31285,0.37,3,1,3,60.2,58.0,4.65,4.68,2.81,1
842,50249,0.7,1,1,1,57.5,58.0,5.8,5.85,3.35,3
843,52587,0.57,3,1,5,61.9,55.0,5.34,5.36,3.31,3
844,13033,1.26,3,6,2,62.0,56.0,6.93,6.9,4.29,5
845,31621,0.35,2,1,3,62.1,59.0,4.46,4.49,2.78,1
846,35209,0.31,3,3,7,61.0,56.0,4.38,4.41,2.68,1
847,729,0.73,3,1,2,62.7,55.0,5.7,5.79,3.6,3
848,21608,1.51,1,0,2,64.1,62.0,7.21,7.15,4.6,6
849,8134,0.95,3,0,1,60.1,61.0,6.37,6.35,3.82,4
850,43621,0.5,0,0,3,66.9,57.0,4.95,4.83,3.27,2
851,19572,1.22,3,4,4,62.6,56.0,6.83,6.87,4.29,6
852,28864,0.41,3,1,1,60.0,59.0,4.78,4.82,2.88,0
853,3383,0.73,3,4,7,61.6,55.0,5.8,5.82,3.58,4
854,51106,0.72,3,1,2,62.8,52.0,5.78,5.72,3.61,3
855,44476,0.51,3,1,3,61.7,53.0,5.18,5.2,3.2,2
856,27947,0.26,2,2,6,61.7,57.0,4.09,4.13,2.53,0
857,16978,1.34,2,5,2,61.1,59.0,7.05,7.12,4.33,5
858,26518,1.6,3,3,5,60.6,60.0,7.51,7.57,4.57,6
859,13596,1.2,3,0,1,62.6,57.0,6.84,6.74,4.25,5
860,44487,0.55,3,3,4,60.9,56.0,5.29,5.35,3.24,2
861,7258,1.21,1,6,1,63.7,55.0,6.75,6.81,4.32,4
862,32630,0.3,3,2,6,61.8,54.0,4.33,4.37,2.69,1
863,47089,0.68,2,1,1,63.1,54.5,5.61,5.64,3.55,2
864,189,0.74,3,5,2,61.3,56.0,5.82,5.86,3.57,3
865,38684,0.44,3,4,3,61.3,58.0,4.91,4.88,3.0,1
866,42647,0.32,3,5,4,62.0,58.0,4.37,4.4,2.72,0
867,14930,1.22,3,4,2,62.4,58.0,6.82,6.77,4.24,5
868,41741,0.53,1,4,2,63.9,55.0,5.19,5.14,3.3,2
869,41867,0.46,3,4,3,61.5,55.0,4.98,5.01,3.07,2
870,17020,1.03,3,2,4,61.7,56.0,6.49,6.47,4.0,5
871,2199,0.74,3,3,2,60.6,55.0,5.87,5.93,3.57,4
872,6258,1.01,2,2,1,60.7,57.0,6.42,6.46,3.91,4
873,52699,0.71,1,5,6,63.4,57.0,5.67,5.71,3.61,3
874,1124,0.9,3,5,1,61.9,57.0,6.19,6.13,3.81,3
875,51430,0.71,2,3,4,63.5,56.0,5.67,5.63,3.59,3
876,15881,1.31,3,5,3,62.4,57.0,6.93,6.97,4.34,5
877,18566,1.08,3,3,4,61.4,56.0,6.59,6.63,4.06,5
878,25320,2.1,3,6,2,62.9,58.0,8.15,8.09,5.11,6
879,11918,1.03,3,3,2,60.1,59.0,6.6,6.57,3.96,5
880,11036,0.9,1,3,5,63.6,58.0,6.11,6.1,3.88,5
881,53071,0.7,2,1,2,62.3,57.0,5.63,5.7,3.53,3
882,35162,0.35,3,3,6,61.7,56.0,4.54,4.57,2.81,1
883,51658,0.72,2,3,2,62.8,60.0,5.78,5.68,3.6,3
884,52138,0.55,3,0,3,60.2,56.0,5.33,5.38,3.22,3
885,35408,0.41,2,3,4,62.7,57.0,4.74,4.77,2.98,1
886,14102,0.3,3,2,3,61.8,57.0,4.31,4.33,2.67,0
887,11766,0.34,3,3,3,61.9,55.0,4.49,4.53,2.79,0
888,25490,2.0,3,5,1,61.3,59.0,8.13,8.09,4.97,6
889,21317,1.06,2,2,7,60.6,56.0,6.62,6.69,4.03,6
890,36800,0.35,3,2,5,62.1,56.0,4.56,4.52,2.82,1
891,25368,2.21,3,4,1,61.3,60.0,8.35,8.33,5.11,6
892,7515,1.07,3,4,2,58.9,59.0,6.76,6.71,3.97,4
893,20474,1.22,2,3,7,62.0,59.0,6.8,6.85,4.23,6
894,6403,0.32,3,4,2,61.9,59.0,4.41,4.38,2.72,0
895,36592,0.4,3,1,2,60.9,60.0,4.77,4.75,2.9,1
896,24492,1.53,3,3,3,61.8,59.0,7.45,7.31,4.56,6
897,44947,0.53,2,0,2,61.4,57.0,5.2,5.26,3.21,2
898,26938,2.03,3,4,2,61.7,59.0,8.17,8.1,5.02,6
899,25595,1.5,3,1,3,59.5,58.0,7.53,7.46,4.46,6
900,7962,1.04,2,4,2,63.1,58.0,6.43,6.37,4.04,4
901,13402,0.24,2,2,4,59.9,58.0,4.02,4.06,2.42,0
902,12276,1.04,3,5,4,62.4,57.0,6.44,6.48,4.03,5
903,25853,2.31,2,6,3,59.7,60.0,8.53,8.59,5.11,6
904,29230,0.4,3,1,2,62.4,53.0,4.73,4.75,2.96,0
905,43929,0.32,3,3,2,62.3,57.0,4.38,4.41,2.74,0
906,7697,1.21,3,6,2,62.6,58.0,6.74,6.71,4.21,4
907,26798,1.71,3,0,2,60.3,60.0,7.69,7.77,4.66,6
908,31061,0.31,3,3,4,58.2,61.0,4.45,4.42,2.58,1
909,14397,1.21,3,4,1,62.0,54.5,6.81,6.87,4.25,5
910,17833,1.32,2,3,1,61.6,57.0,6.98,7.05,4.32,5
911,28423,0.33,3,5,4,61.6,60.0,4.45,4.42,2.73,0
912,15250,1.01,3,3,3,62.0,59.0,6.41,6.36,3.96,5
913,15801,1.3,2,5,2,62.3,58.0,6.93,6.96,4.33,5
914,51943,0.73,3,1,1,61.0,57.0,5.81,5.87,3.56,3
915,24233,2.03,3,6,1,62.7,59.0,8.08,8.02,5.05,6
916,49382,0.71,2,4,2,62.5,60.0,5.68,5.75,3.57,3
917,2407,0.77,3,3,4,62.4,54.0,5.89,5.93,3.69,4
918,4536,0.9,3,4,2,60.0,56.0,6.33,6.27,3.78,4
919,41578,0.42,3,0,4,61.1,57.0,4.84,4.81,2.95,2
920,41792,0.5,3,5,3,62.5,55.0,5.05,5.09,3.17,2
921,28544,0.3,3,3,4,61.4,55.0,4.38,4.32,2.67,0
922,7211,0.65,3,1,7,62.3,56.0,5.52,5.56,3.45,4
923,48284,0.49,2,2,6,62.2,56.0,5.04,5.08,3.14,3
924,30740,0.3,2,2,5,62.4,58.0,4.25,4.28,2.66,1
925,11409,0.34,3,1,2,62.2,55.0,4.45,4.49,2.78,0
926,16277,1.1,2,4,5,59.7,57.8,6.7,6.76,4.01,5
927,34331,0.43,3,4,3,60.7,55.0,4.96,4.89,2.99,1
928,18435,1.03,3,1,4,59.5,57.0,6.6,6.62,3.93,5
929,35345,0.3,2,4,3,60.9,61.0,4.27,4.3,2.61,0
930,31131,0.33,3,3,5,62.7,55.0,4.41,4.46,2.78,1
931,53482,0.71,3,1,2,60.3,60.0,5.77,5.74,3.47,3
932,44180,0.6,3,2,1,61.7,56.0,5.41,5.38,3.33,2
933,19180,1.21,2,3,3,59.5,58.0,6.96,7.03,4.16,5
934,24361,1.6,1,1,2,63.6,58.0,7.44,7.38,4.71,6
935,38945,0.33,3,1,6,61.7,56.0,4.46,4.42,2.74,2
936,48868,0.7,1,4,2,63.3,60.0,5.57,5.65,3.55,3
937,32698,0.31,3,4,5,62.8,57.0,4.33,4.3,2.71,1
938,43492,0.5,3,3,3,61.5,57.0,5.12,5.09,3.14,2
939,10786,1.02,3,2,1,62.6,56.0,6.38,6.44,4.01,5
940,38421,0.42,3,1,3,61.7,56.0,4.82,4.8,2.97,1
941,37728,0.43,2,4,3,63.4,55.0,4.82,4.86,3.07,1
942,32035,0.3,3,3,4,61.7,60.0,4.28,4.24,2.63,1
943,36736,0.34,3,3,7,61.5,56.0,4.52,4.54,2.79,1
944,36346,0.32,3,4,6,60.9,58.0,4.43,4.4,2.69,1
945,43247,0.73,3,3,0,62.5,58.0,5.82,5.74,3.61,2
946,21238,1.94,2,5,1,63.1,59.0,8.01,7.89,5.02,6
947,12671,1.0,3,2,2,61.6,61.0,6.37,6.3,3.9,5
948,2898,0.72,3,4,4,61.6,56.0,5.76,5.79,3.55,4
949,34555,0.33,3,3,6,62.0,56.0,4.45,4.48,2.77,1
950,15717,1.01,1,2,3,61.7,58.0,6.3,6.34,3.9,5
951,8821,1.0,2,4,2,60.0,63.0,6.37,6.34,3.81,4
952,31929,0.3,3,3,4,61.9,56.0,4.34,4.29,2.67,1
953,9980,1.01,3,4,1,61.1,56.0,6.44,6.48,3.95,4
954,51595,0.52,3,2,6,62.0,54.0,5.16,5.19,3.2,3
955,2794,0.83,1,1,2,63.7,59.0,5.95,5.89,3.77,4
956,47824,0.5,3,3,6,62.2,56.0,5.08,5.11,3.17,3
957,42006,0.23,2,1,5,61.2,60.0,3.92,3.96,2.41,0
958,9893,0.9,3,2,3,62.7,56.0,6.17,6.2,3.88,4
959,1417,0.79,3,4,3,62.0,56.0,5.91,5.93,3.67,3
960,38663,0.31,3,4,3,62.2,53.0,4.38,4.43,2.74,0
961,50506,0.71,2,4,2,60.7,60.0,5.73,5.76,3.49,3
962,30233,0.42,3,1,2,61.5,58.0,4.78,4.84,2.96,0
963,25884,1.51,2,1,4,63.2,58.0,7.24,7.16,4.55,6
964,30826,0.3,3,1,5,61.2,56.0,4.34,4.38,2.67,1
965,1390,0.71,2,1,2,62.9,55.0,5.64,5.68,3.56,3
966,26497,2.25,3,6,2,61.8,61.0,8.46,8.39,5.21,6
967,45048,0.5,3,4,4,61.1,56.0,5.1,5.14,3.13,2
968,25285,2.02,2,5,1,61.1,61.0,8.08,8.11,4.95,6
969,8462,0.93,1,3,2,58.8,61.0,6.36,6.39,3.75,4
970,49093,0.59,3,3,3,61.9,56.0,5.38,5.42,3.34,3
971,12881,1.25,3,5,1,62.0,57.0,6.92,6.85,4.27,5
972,10614,1.02,3,4,2,58.8,57.0,6.66,6.6,3.9,4
973,46177,0.56,3,0,2,61.9,56.0,5.24,5.29,3.26,2
974,10432,0.31,3,3,2,61.9,56.0,4.38,4.34,2.7,0
975,10940,1.18,3,1,1,60.8,57.0,6.89,6.83,4.17,5
976,42464,0.51,1,2,2,63.8,56.0,5.08,5.04,3.23,2
977,106,0.31,3,3,2,61.8,58.0,4.35,4.32,2.68,0
978,22787,1.56,3,3,2,58.8,57.0,7.68,7.62,4.5,6
979,41624,0.3,3,5,3,62.1,58.0,4.27,4.29,2.66,0
980,44829,0.5,3,1,3,62.2,54.0,5.08,5.11,3.17,2
981,17158,1.02,2,0,3,63.7,55.0,6.42,6.45,4.1,5
982,46579,0.51,3,1,3,61.3,58.0,5.15,5.13,3.15,2
983,46289,0.57,2,2,3,59.5,57.0,5.39,5.43,3.22,2
984,28072,0.3,3,1,3,62.5,56.0,4.28,4.3,2.68,0
985,43124,0.55,2,1,2,63.2,58.0,5.21,5.23,3.3,2
986,24601,2.18,2,6,1,62.6,58.0,8.23,8.25,5.16,6
987,22289,2.14,3,6,1,58.4,58.0,8.52,8.5,4.97,6
988,24096,0.38,3,0,2,59.1,58.0,4.74,4.77,2.81,0
989,4581,1.0,2,5,2,63.3,54.0,6.39,6.34,4.03,4
990,16624,1.24,2,4,2,62.4,58.0,6.93,6.82,4.29,5
991,19218,1.52,1,3,1,63.1,58.0,7.21,7.3,4.58,6
992,32238,0.35,3,1,2,61.2,57.0,4.56,4.52,2.78,1
993,2467,0.73,3,3,5,61.9,56.0,5.74,5.81,3.61,4
994,46641,0.54,3,0,2,62.1,56.0,5.25,5.22,3.25,2
995,45230,0.51,3,1,3,60.4,57.0,5.15,5.18,3.12,2
996,28272,0.33,3,3,4,61.8,56.0,4.42,4.45,2.74,0
997,49370,0.7,2,4,1,63.4,55.0,5.59,5.64,3.56,3
998,27956,0.32,1,0,3,63.6,55.0,4.35,4.42,2.79,0
999,45095,0.62,0,2,2,55.1,66.0,5.85,5.7,3.18,2
